"","list_fat"
"1","SLM/A-Nur: Sudan Liberation Movement/Army (Abdul Wahid al-Nur Faction) (Splinter Faction)"
"2","Islamic State (Greater Sahara)"
"3","Boko Haram - Jamatu Ahli is-Sunnah lid-Dawatai wal-Jihad"
"4","Military Forces of Nigeria (2015-)"
"5","Islamic State (West Africa) and/or Boko Haram - Jamatu Ahli is-Sunnah lid-Dawatai wal-Jihad"
"6","Langdiing-Joth-Gok Clan Militia (South Sudan)"
"7","Unidentified Ethnic Militia (Ethiopia)"
"8","Unidentified Armed Group (Nigeria)"
"9","JNIM: Group for Support of Islam and Muslims"
"10","Military Forces of Somalia (2017-)"
"11","FPIC: Patriotic and Integrationist Force of Congo"
"12","Military Forces of Ethiopia (2018-)"
"13","Islamist Militia (Mozambique)"
"14","Military Forces of Mozambique (1990-)"
"15","Unidentified Communal Militia (Chad)"
"16","Al Shabaab"
"17","Fulani Ethnic Militia (Chad)"
"18","Islamic State (West Africa)"
"19","Kaduna Communal Militia (Nigeria)"
"20","TPLF: Tigray Peoples Liberation Front"
"21","Dahalo Militia"
"22","Military Forces of France (2017-)"
"23","Dir-Qubeys Sub-Clan Militia (Somalia)"
"24","Samri Youth Militia (Ethiopia)"
"25","ADF: Allied Democratic Forces"
"26","Military Forces of Burkina Faso (2015-)"
"27","Military Forces of the Democratic Republic of Congo (2019-)"
"28","OLF: Oromo Liberation Front (Shane Splinter Faction)"
"29","Katsina Communal Militia (Nigeria)"
"30","Somali Ethnic Militia (Ethiopia)"
"31","Military Forces of Mali (2020-)"
"32","Unidentified Armed Group (Ethiopia)"
"33","Adjoukrou Ethnic Militia (Ivory Coast)"
"34","Zamfara Communal Militia (Nigeria)"
"35","Mayi Mayi Militia (Zaire)"
"36","Yansakai Militia"
"37","Military Forces of Cameroon (1982-) Rapid Intervention Battalion"
"38","Ozoro Communal Militia (Nigeria)"
"39","Mayi Mayi Militia (Kyandenga)"
"40","JNIM: Group for Support of Islam and Muslims and/or Islamic State (Greater Sahara)"
"41","FRPI: Front for Patriotic Resistance of Ituri"
"42","Mayi Mayi Militia (Bakata Katanga)"
"43","Langdiing-Pagok-Gok Sub Clan Militia (South Sudan)"
"44","NDC-R: Nduma Defence of Congo (Renewal)"
"45","Military Forces of Chad (1990-)"
"46","Baniari Tchabi Communal Militia (Democratic Republic of Congo)"
"47","Military Forces of the United States (2017-)"
"48","Rek Clan Militia (South Sudan)"
"49","Military Forces of Somalia (2017-) Jubaland Security Force"
"50","Military Forces of Cameroon (1982-)"
"51","FDLR-RUD: Democratic Forces for the Liberation of Rwanda-Rally for Unity and Democracy"
"52","Bul Clan Militia (South Sudan)"
"53","Islamic State (Central Africa)"
"54","RED-TABARA: Resistance to the Rule of Law in Burundi"
"55","Fulani Ethnic Militia (Nigeria)"
"56","Military Forces of Somalia (2017-) Puntland Dervish Force"
"57","Mayi Mayi Militia (Hapa na pale)"
"58","Unidentified Communal Militia (Nigeria)"
"59","Ntale Communal Militia (Cameroon)"
"60","Niger Communal Militia (Nigeria)"
"61","Nuba Ethnic Militia (Sudan)"
"62","Military Forces of Libya (2014-) Haftar Faction"
"63","Edikwu Communal Militia (Nigeria)"
"64","CODECO: Cooperative for Development of Congo"
"65","Unidentified Armed Group (Burkina Faso)"
"66","Unidentified Armed Group (Burundi)"
"67","SLM/A-Nur: Sudan Liberation Movement/Army (Abdul Wahid al-Nur Faction)"
"68","Fellata Ethnic Militia (Sudan)"
"69","Kogi Communal Militia (Nigeria)"
"70","Fulani Ethnic Militia (Mali)"
"71","FLEC-FAC: Front for the Liberation of the Enclave of Cabinda-Armed Forces of Cabinda"
"72","Murle Ethnic Militia (South Sudan)"
"73","Rizeigat Ethnic Militia (Sudan)"
"74","Apuk-Padoch-Rek Sub-Clan Militia (South Sudan)"
"75","PRNC: Party of the Rally of the Central African Nation"
"76","Oromo Ethnic Militia (Ethiopia)"
"77","Darfur Communal Militia (Sudan)"
"78","Military Forces of Somalia (2017-) Puntland Security Force"
"79","Islamic State (Egypt)"
"80","Dozo Communal Militia (Mali)"
"81","Awan-Parek-Rek Clan Militia (South Sudan)"
"82","Twiganeho Ethnic Militia (Democratic Republic of Congo)"
"83","Fakar Communal Militia (Libya)"
"84","VDP: Volunteer for Defense of Homeland"
"85","Dhulbahante-Hayag Sub-Clan Militia (Somalia)"
"86","Unidentified Communal Militia (South Sudan)"
"87","Tonj South Communal Militia (South Sudan)"
"88","Military Forces of South Sudan (2011-)"
"89","Ruop-Agar Clan Militia (South Sudan)"
"90","South Kordofan Communal Militia (Sudan)"
"91","Police Forces of Mozambique (1990-) Rapid Intervention Unit"
"92","Unidentified Armed Group (Chad)"
"93","Military Forces of Nigeria (2015-) Joint Task Force"
"94","Military Forces of Niger (2011-)"
"95","Military Forces of Sudan (2019-) Rapid Support Forces"
"96","Bor Clan Militia (South Sudan)"
"97","Katiba Macina"
"98","Unidentified Armed Group (Niger)"
"99","Militia (Muktar Robow)"
"100","Military Forces of Libya (2016-) Government of National Accord"
"101","Military Forces of Sudan (2019-)"
"102","Military Forces of Mali (2013-2020)"
"103","SPLM-In Opposition: Sudan People's Liberation Movement-In Opposition"
"104","Mayi Mayi Militia (Biloze Bishambuke)"
"105","Unidentified Armed Group (Somalia)"
"106","Unidentified Armed Group (Libya)"
"107","Ngumino Ethnic Militia (Democratic Republic of Congo)"
"108","Military Forces of Egypt (2014-)"
"109","UPC: Union for Peace in the Central African Republic"
"110","Macar-Gok Sub-Clan Militia (South Sudan)"
"111","CMC-FNLD: Collective Movement for Change-Front for National Liberation and Democracy"
"112","Unidentified Armed Group (Democratic Republic of Congo)"
"113","Bul Nuer Ethnic Militia (South Sudan)"
"114","Hausa Ethnic Militia (Nigeria)"
"115","Police Forces of Ethiopia (2018-) Oromo Regional Special Forces"
"116","Police Forces of Burkina Faso (2015-) Gendarmerie"
"117","Unidentified Armed Group (Mali)"
"118","RPRC: Patriotic Movement for the Rebirth of the Central African People"
"119","Unidentified Armed Group (South Sudan)"
"120","Mayi Mayi Militia (Yakutumba)"
"121","Yirol Communal Militia (South Sudan)"
"122","BDK: Bundu dia Kongo"
"123","FDLR: Democratic Forces for the Liberation of Rwanda"
"124","Military Forces of the Democratic Republic of Congo (2019-) Special Forces"
"125","Mayi Mayi Militia (Nyatura) Domi Faction"
"126","Marehan Clan Militia (Somalia)"
"127","Bakata Katanga Communal Militia (Democratic Republic of Congo)"
"128","Bakira Communal Militia (Nigeria)"
"129","Gok Dinka Ethnic Militia (South Sudan)"
"130","Military Forces of Kenya (2013-)"
"131","G5S: G5 Sahel Force (2017-)"
"132","Athoi-Agar Sub-Clan Militia (South Sudan)"
"133","MNJTF: Multinational Joint Task Force"
"134","Afar Ethnic Militia (Ethiopia)"
"135","Agila Communal Militia (Nigeria)"
"136","Koglweogo Militia"
"137","Military Forces of Uganda (1986-)"
"138","Tonj East Communal Militia (South Sudan)"
"139","Lou Nuer Ethnic Militia (South Sudan)"
"140","Police Forces of Burkina Faso (2015-)"
"141","Pakam-Agar Sub-Clan Militia (South Sudan)"
"142","Police Forces of Burundi (2005-)"
"143","CCMSR: Military Command Council for the Salvation of the Republic"
"144","MINUSCA: United Nations Multidimensional Integrated Stabilization Mission in the Central African Republic (2014-)"
"145","Nuer Ethnic Militia (Ethiopia)"
"146","MLCJ: Movement of Central African Liberators for Justice"
"147","Dogon Ethnic Militia (Mali)"
"148","Macaswiley Militia"
"149","Mutiny of Military Forces of Ethiopia (1991-)"
"150","Police Forces of Egypt (2014-)"
"151","APCLS: Alliance of Patriots for a Free and Sovereign Congo"
"152","Dozo Communal Militia (Burkina Faso)"
"153","Mayi Mayi Militia (Nyatura) Jean-Marie Faction"
"154","Mayi Mayi Militia (Nyatura)"
"155","Majeerteen Clan Militia (Somalia)"
"156","Agar Clan Dinka Ethnic Militia (South Sudan)"
"157","FPRC: Popular Front for the Renaissance of Central Africa"
"158","Tonj Communal Militia (South Sudan)"
"159","NDC-G: Nduma Defence of Congo (Guidon)"
"160","Misseriya Ethnic Militia (Sudan)"
"161","Cueibet Communal Militia (South Sudan)"
"162","Southern Cameroon Restoration Forces"
"163","Dan Na Ambassagou"
"164","Military Forces of Rwanda (1994-)"
"165","Military Forces of the Central African Republic (2016-)"
"166","CNRD: National Council for Renewal and Democracy"
"167","Pro-Haftar Faction and/or Military Forces of United Arab Emirates (2004-)"
"168","Maaliya Ethnic Militia (Sudan)"
"169","Habar Gedir-Saad Sub-Clan Militia (Somalia)"
"170","Special Deterrence Forces"
"171","Unidentified Armed Group (Central African Republic)"
"172","Unidentified Armed Group (Mozambique)"
"173","FPRC: Popular Front for the Renaissance of Central Africa (Adam Faction)"
"174","Ambazonian Separatists (Cameroon)"
"175","Dir Clan Militia (Somalia)"
"176","Pakam Clan Dinka Ethnic Militia (South Sudan)"
"177","Military Forces of Burundi (2005-)"
"178","Police Forces of Somalia (2017-)"
"179","Unidentified Armed Group (Rwanda)"
"180","APC: All Progressives Congress"
"181","Dozo Militia"
"182","Habar Gedir Clan Militia (Somalia)"
"183","ADF-NALU: Allied Democratic Forces-National Army for the Liberation of Uganda"
"184","Mayi Mayi Militia"
"185","NAS: National Salvation Front"
"186","Bara Ethnic Militia (Madagascar)"
"187","Unidentified Armed Group (Djibouti)"
"188","Unidentified Communal Militia (Ethiopia)"
"189","Kaxda Communal Militia (Somalia)"
"190","FDLR-RUD: Democratic Forces for the Liberation of Rwanda-Rally for Unity and Democracy (Uranana Faction)"
"191","Mayi Mayi Militia (Nyatura-FDP)"
"192","AMISOM: African Union Mission in Somalia (2007-)"
"193","Anti-Balaka"
"194","Nuer Ethnic Militia (South Sudan)"
"195","Tarhouna Communal Militia (Libya)"
"196","Thiik Communal Militia (South Sudan)"
"197","Gok Communal Militia (South Sudan)"
"198","Beni Amir Ethnic Militia (Sudan)"
"199","Military Forces of Somaliland (2010-)"
"200","Warsangeli Clan Militia (Somalia)"
"201","Arab Ethnic Militia (Chad)"
"202","Unidentified Ethnic Militia (Democratic Republic of Congo)"
"203","Hasam Movement"
"204","Military Forces of Somalia (2017-) National Intelligence and Security Agency"
"205","Dinka Agar Ethnic Militia (South Sudan)"
"206","Military Forces of Sudan (1989-2019) Rapid Support Forces"
"207","Omar Mahmud Clan Militia (Somalia)"
"208","Abgal Clan Militia (Somalia)"
"209","Unidentified Armed Group (Cameroon)"
"210","Habar Yoonis Clan Militia (Somalia)"
"211","Mayi Mayi Militia (Gumino)"
"212","Tiv Ethnic Militia (Nigeria)"
"213","CMA: Coordination of Movements of the Azawad"
"214","Lendu Ethnic Militia (Democratic Republic of Congo)"
"215","Gaaljecel Clan Militia (Somalia)"
"216","Tabu Ethnic Militia (Libya)"
"217","Macawiisley Clan Militia (Somalia)"
"218","RRR: Return, Reclamation and Rehabilitation"
"219","Leelkayse Clan Militia (Somalia)"
"220","Icelander Cult Militia"
"221","Yagba Communal Militia (Nigeria)"
"222","Baoule Ethnic Militia (Ivory Coast)"
"223","Amhara Ethnic Militia (Ethiopia)"
"224","Gumuz Ethnic Militia (Ethiopia)"
"225","SPF: Southern Protection Force"
"226","MSA: Movement for Azawad Salvation"
"227","Civilian JTF: Civilian Joint Task Force"
"228","Lassa Communal Militia (Nigeria)"
"229","Bieh Communal Militia (South Sudan)"
"230","Bana Mura"
"231","Adara Ethnic Militia (Nigeria)"
"232","Police Forces of the Democratic Republic of Congo (2019-) Prison Guards"
"233","Unidentified Military Forces"
"234","Hawadle Clan Militia (Somalia)"
"235","Mayi Mayi Militia (Nyatura) Bohoza Faction"
"236","Rizaygat Awlad Zaid Ethnic Militia (Sudan)"
"237","Rek Clan Dinka Ethnic Militia (South Sudan)"
"238","Southern Liech Communal Militia (South Sudan)"
"239","Islamic State (Greater Sahara) and/or Ansaroul Islam"
"240","Western Lakes Communal Militia (South Sudan)"
"241","Somali Ethnic Militia (Somalia)"
"242","Pakam Communal Militia (South Sudan)"
"243","Batende Ethnic Militia (Democratic Republic of Congo)"
"244","Mayi Mayi Militia (Nyatura) Love Faction"
"245","Police Forces of Ethiopia (2018-) Liyu Police"
"246","Police Forces of Nigeria (2015-)"
"247","Benishangale Ethnic Militia (Ethiopia)"
"248","Subol Al-Salam Brigade"
"249","Lessel Communal Militia (Nigeria)"
"250","Gora Communal Militia (Nigeria)"
"251","JEM: Justice and Equality Movement"
"252","Military Forces of the Democratic Republic of Congo (2001-2019)"
"253","MPC: Movement for Progressive Change"
"254","Dhulbahante-Baharar Sub-Clan Militia (Somalia)"
"255","Military Forces of Sudan (1989-2019)"
"256","Khalid Ibn Al-Walid Battalion"
"257","Bassa Ethnic Militia (Nigeria)"
"258","Police Forces of Ethiopia (2018-)"
"259","7th Brigade"
"260","Gurage Ethnic Militia (Ethiopia)"
"261","Qeerroo Youth Militia"
"262","AMISOM: African Union Mission in Somalia (2007-) (Ethiopia)"
"263","Turkana Ethnic Militia (Kenya)"
"264","DPF: Derna Protection Force"
"265","Unidentified Clan Militia (Somalia)"
"266","Luanyjang Communal Militia (South Sudan)"
"267","HYM: Heego Youth Movement"
"268","Military Forces of Algeria (1999-)"
"269","Habar Jeclo Clan Militia (Somalia)"
"270","Police Forces of the Republic of Congo (1997-)"
"271","Alliance for the Salvation of the Sahel"
"272","Bachama Ethnic Militia (Nigeria)"
"273","AMISOM: African Union Mission in Somalia (2007-) (Uganda)"
"274","ADF: The Ambazonia Defense Forces"
"275","Muslim Militia (Central African Republic)"
"276","Guji Ethnic Militia (Ethiopia)"
"277","Military Forces of Somalia (2017-) Galmudug Administration"
"278","Liech Communal Militia (South Sudan)"
"279","Military Forces of Libya (2014-) Haftar Faction - Saiqa Forces"
"280","Military Forces of Somalia (2017-) Puntland Maritime Police Force"
"281","Mayi Mayi Militia (Malaika)"
"282","Bangui Communal Militia (Central African Republic)"
"283","Islamic State (Libya)"
"284","GATIA: Imghad Tuareg and Allies Self-Defense Group"
"285","Military Forces of Turkey (2016-)"
"286","Oku Iboku Communal Militia (Nigeria)"
"287","PK5 Communal Militia (Central African Republic)"
"288","Unidentified Communal Militia (Somalia)"
"289","Garbahaarey Communal Militia (Somalia)"
"290","KM5 Communal Militia (Central African Republic)"
"291","Unidentified Communal Militia (Sudan)"
"292","Unidentified Communal Militia (Kenya)"
"293","Military Forces of Ethiopia (1995-2018)"
"294","Igbeagu Communal Militia (Nigeria)"
"295","Military Forces of Ethiopia (1995-2018) Agazi Unit"
"296","Muslim Militia (Nigeria)"
"297","Mayi Mayi Militia (Mazembe)"
"298","Hema Ethnic Militia (Democratic Republic of Congo)"
"299","Gony Clan Militia (South Sudan)"
"300","AMISOM: African Union Mission in Somalia (2007-) (Kenya)"
"301","Habar Jeclo-Bicido Sub-Clan Militia (Somalia)"
"302","Darood-Dhulbahante Sub-Clan Militia (Somalia)"
"303","Tajoura Communal Militia (Libya)"
"304","MNLC: National Movement for the Liberation of the Central African Republic"
"305","Unidentified Armed Group (Senegal)"
"306","MPC: Patriotic Movement for Central African Republic"
"307","Seleka Militia"
"308","Kuluna Communal Militia (Democratic Republic of Congo)"
"309","Bantu Ethnic Militia (Democratic Republic of Congo)"
"310","Toubou Ethnic Militia (Chad)"
"311","Kongor Communal Militia (South Sudan)"
"312","MONUSCO: United Nations Organization Stabilization Mission in Democratic Republic of Congo (2010-)"
"313","Pakam-Agar Clan Militia (South Sudan)"
"314","AMISOM: African Union Mission in Somalia (2007-) (Djibouti)"
"315","Militia (Miners)"
"316","SPLM-In Opposition- Deng Gai: Sudan People's Liberation Movement-In Opposition (Taban Deng Gai Faction)"
"317","ARDUF: Afar Revolutionary Democratic Unity Front"
"318","Police Forces of Ethiopia (1995-2018) Liyu Police"
"319","Mungiki Militia"
"320","Zintan Ethnic Militia (Libya)"
"321","Fulani Ethnic Militia (Ghana)"
"322","Jamaa Ansar al-Islam"
"323","Military Forces of Chad (1990-) Gendarmerie"
"324","Tarabeen Clan Militia (Egypt)"
"325","We Ethnic Militia (Ivory Coast)"
"326","SLM/A-Minnawi: Sudan Liberation Movement/Army (Minnawi Faction)"
"327","FPRC: Popular Front for the Renaissance of Central Africa (Amidou Faction)"
"328","Kuac Communal Militia (South Sudan)"
"329","Unidentified Communal Militia (Ghana)"
"330","Al-Kanni Brigade"
"331","Mayi Mayi Militia (Simba)"
"332","Janjaweed"
"333","Islamist Militia (Burkina Faso)"
"334","SPLM-N: Sudan Peoples Liberation Movement (North)"
"335","Police Forces of Tanzania (1964-)"
"336","BDM: Bundu Dia Mayala"
"337","Waat-Gok Sub-Clan Militia (South Sudan)"
"338","Batwa Ethnic Militia (Democratic Republic of Congo)"
"339","Majeerteen-Dashishe Sub-Clan Militia (Somalia)"
"340","ASWJ: Ahlu Sunna Wal Jamaa"
"341","LRA: Lords Resistance Army"
"342","Apuk Ethnic Militia (South Sudan)"
"343","Kadara Ethnic Militia (Nigeria)"
"344","Mayi Mayi Militia (Kakule)"
"345","Unidentified Ethnic Militia (Kenya)"
"346","Misratah Communal Militia (Libya)"
"347","Wanikade Communal Militia (Nigeria)"
"348","Rup Clan Dinka Ethnic Militia (South Sudan)"
"349","El Feth Brigade"
"350","Militia (Kamwina Nsapu)"
"351","ONLF: Ogaden National Liberation Front"
"352","Police Forces of South Sudan (2011-)"
"353","Tripoli Revolutionaries Brigade"
"354","Mutiny of Military Forces of Ethiopia (1995-2018)"
"355","Isiolo Communal Militia (Kenya)"
"356","Militia (Pro-Government)"
"357","Mathiang Anyoor"
"358","Unidentified Armed Group (Sudan)"
"359","AGUDM: Patriotic Ginbot 7 for Unity and Democratic Movement"
"360","Bor Clan Dinka Ethnic Militia (South Sudan)"
"361","BDK: Bunda Dia Kongo"
"362","Rizaygat Ethnic Militia (Sudan)"
"363","Odukpani Ethnic Militia (Nigeria)"
"364","Dinka Ethnic Militia (South Sudan)"
"365","Military Forces of France (2012-2017)"
"366","Ikot Offiong Communal Militia (Nigeria)"
"367","Salamat Ethnic Militia (Sudan)"
"368","Eastern Lakes Communal Militia (South Sudan)"
"369","Pende Communal Militia (Democratic Republic of Congo)"
"370","Chokwe Ethnic Militia (Democratic Republic of Congo)"
"371","Dhulbahante Clan Militia (Somalia)"
"372","Kababeesh Ethnic Militia (Sudan)"
"373","Hamar Ethnic Militia (Sudan)"
"374","Police Forces of the Democratic Republic of Congo (2001-2019)"
"375","Bambara Ethnic Militia (Mali)"
"376","Samburu Ethnic Militia (Kenya)"
"377","Borana Ethnic Militia (Kenya)"
"378","Yoruba Ethnic Militia (Nigeria)"
"379","Ansaroul Islam"
"380","Didinga Ethnic Militia (South Sudan)"
"381","Abgal-Celi Sub-Clan Militia (Somalia)"
"382","Islamist Militia (Mali)"
"383","Rubkona Communal Militia (South Sudan)"
"384","Soldiers of the Caliphate"
"385","Unidentified Communal Militia (Togo)"
"386","Military Forces of Somalia (2012-2017)"
"387","Unidentified Armed Group (Madagascar)"
"388","BSF: Bakassi Strike Force"
"389","Police Forces of Kenya (2013-)"
"390","Military Forces of Egypt (2014-) Special Forces"
"391","Al Mourabitoune Battalion"
"392","Unidentified Armed Group (Togo)"
"393","NDM: National Democratic Movement"
"394","BRSC: Shura Council of Benghazi Revolutionaries"
"395","Police Forces of Somalia (2012-2017)"
"396","Police Forces of Ethiopia (1995-2018)"
"397","Military Forces of Somalia (2012-2017) Jubaland Security Force"
"398","MDF: Mabanese Defence Forces"
"399","Ormale Clan Militia (Somalia)"
"400","Militia (Waminene)"
"401","OLF: Oromo Liberation Front"
"402","Military Forces of Somalia (2012-2017) Puntland Security Force"
"403","Military Forces of the United States (2009-2017)"
"404","Military Forces of Somalia (2012-2017) Galmudug Administration"
"405","Police Forces of Uganda (1986-)"
"406","Rwenzururu Royal Militia"
"407","Shawa Communal Militia (Nigeria)"
"408","Masalit Ethnic Militia (Sudan)"
"409","Militia (Refugees/IDPs)"
"410","AMISOM: African Union Mission in Somalia (2007-) (Burundi)"
"411","Biyamal Clan Militia (Somalia)"
"412","UPC: Union of Congolese Patriots"
"413","Hausa Ethnic Militia (Niger)"
"414","Police Forces of Sudan (1989-2019)"
"415","Military Forces of Sudan (1989-2019) Abu Tira"
"416","Militia (Elements)"
"417","Saad Clan Militia (Somalia)"
"418","Agwelek Forces"
"419","Gedeo Ethnic Militia (Ethiopia)"
"420","AQIM: Al Qaeda in the Islamic Maghreb"
"421","Ninjas Militia (Nsiloulou Faction)"
"422","Amhara Tegadlo"
"423","Mbororo Ethnic Militia (Democratic Republic of Congo)"
"424","Police Forces of Ethiopia (1995-2018) Prison Guards"
"425","Unidentified Armed Group (Tanzania)"
"426","UN: United Nations"
"427","Ayr Clan Militia (Somalia)"
"428","Military Forces of Angola (1975-)"
"429","NDA: Niger Delta Avengers"
"430","Brigades for the Defence of Benghazi"
"431","M23: March 23 Movement"
"432","Military Forces of Eritrea (1993-)"
"433","Bang Communal Militia (Central African Republic)"
"434","Dhulbahante-Baharsame Sub-Clan Militia (Somalia)"
"435","Toposa Ethnic Militia (South Sudan)"
"436","Fulani Ethnic Militia (Central African Republic)"
"437","Dhusamareb Communal Militia (Somalia)"
"438","Agatu Ethnic Militia (Nigeria)"
"439","Military Forces of Senegal (2012-)"
"440","Kuei Ethnic Militia (South Sudan)"
"441","Ndoro Ethnic Militia (Nigeria)"
"442","Mutiny of Military Forces of Eritrea (1993-)"
"443","Kuteb Ethnic Militia (Nigeria)"
"444","Zawiya Communal Militia (Libya)"
"445","Lobi Ethnic Militia (Ivory Coast)"
"446","Unidentified Armed Group (Uganda)"
"447","Dinka Aguok Ethnic Militia (South Sudan)"
"448","Bashir Sadawi Brigade"
"449","Police Forces of Djibouti (1999-)"
"450","Ajdabiya Revolutionaries Shura Council"
"451","Abala Ethnic Militia (Sudan)"
"452","SSAF: South Sudan Armed Forces"
"453","Mayi Mayi Militia (Union of Patriots for the Defense of the Innocents)"
"454","Police Forces of Burundi (2005-) API Unit"
"455","Military Forces of the Ivory Coast (2011-)"
"456","Saleban Clan Militia (Somalia)"
"457","Jejele Clan Militia (Somalia)"
"458","RENAMO: Mozambican National Resistance"
"459","Majeerteen-Omar Mahmud Sub-Clan Militia (Somalia)"
"460","Zwai Ethnic Militia (Libya)"
"461","Al-Falata Ethnic Militia (Sudan)"
"462","GMA: Mourabitounes Group of Azawad"
"463","Mayi Mayi Militia (Raia Mutomboki)"
"464","Abgal-Daud Clan Militia (Somalia)"
"465","Private Security Forces (Somalia)"
"466","Police Forces of Madagascar (2014-2019)"
"467","Tuareg Ethnic Militia (Libya)"
"468","Unidentified Armed Group (Ghana)"
"469","Chaamba Ethnic Militia (Algeria)"
"470","Habbaniyah Ethnic Militia (Sudan)"
"471","NDC-C: Nduma Defense of Congo (Cheka)"
"472","Murule Clan Militia (Somalia)"
"473","Ansar Dine"
"474","Garre Ethnic Militia (Kenya)"
"475","REMNASA: Revolutionary Movement for National Salvation"
"476","Abgal-Kabale Sub-Clan Militia (Somalia)"
"477","Laikipia Communal Militia (Kenya)"
"478","Unidentified Ethnic Militia (Somalia)"
"479","Military Forces of Nigeria (1999-2015)"
"480","Misseriya Ethnic Militia (South Sudan)"
"481","Fulani Ethnic Militia (Cameroon)"
"482","Unidentified Armed Group (Kenya)"
"483","SPLF: Sudan Peoples Liberation Front"
"484","Ologba Communal Militia (Nigeria)"
"485","101 Battalion (Tajoura)"
"486","Police Forces of Angola (1975-)"
"487","Police Forces of Sudan (1989-2019) Prison Guards"
"488","Unidentified Armed Group (Egypt)"
"489","Wershefana Communal Militia (Libya)"
"490","White Army (South Sudan)"
"491","Ziyadiyah Ethnic Militia (Sudan)"
"492","Islamist Militia (Egypt)"
"493","Faa Communal Militia (Nigeria)"
"494","Police Forces of Nigeria (1999-2015)"
"495","Private Security Forces (Libya)"
"496","Ansar al-Sharia"
"497","Shura Council of Darnah Mujahidin"
"498","Revolutionary Punishment"
"499","Militia (Ibrahim Jadran)"
"500","Habar Gedir-Ayr Sub-Clan Militia (Somalia)"
"501","Military Forces of Somalia (2012-2017) Puntland Dervish Force"
"502","Military Forces of Sudan (1989-2019) Border Guards"
"503","BVYG: Borno Vigilance Youths Group"
"504","Unidentified Ethnic Militia (Nigeria)"
"505","Unidentified Ethnic Militia (Sudan)"
"506","SLMJ-TH: Sudan Liberation Movement for Justice (Taher Hajar Faction)"
"507","Eggon Ethnic Militia (Nigeria)"
"508","Maiha Communal Militia (Nigeria)"
"509","Unidentified Communal Militia (Niger)"
"510","Al Qaqa Brigade"
"511","Ansar Beit al-Maqdis"
"512","Unidentified Communal Militia (Democratic Republic of Congo)"
"513","Gharyan Communal Militia (Libya)"
"514","Unidentified Armed Group (Guinea-Bissau)"
"515","Libya Shield Brigade"
"516","Bari Ethnic Militia (South Sudan)"
"517","Mutiny of Military Forces of Libya (2012-2014)"
"518","Jukun Ethnic Militia (Nigeria)"
"519","Majangir Ethnic Militia (Ethiopia)"
"520","Rahanweyn-Leeysan Sub-Clan Militia (Somalia)"
"521","MAA: Arab Movement of the Azawad"
"522","SLMJ: Sudan Liberation Movement for Justice"
"523","Bakonzo Ethnic Militia (Uganda)"
"524","Al Ziyud Ethnic Militia (Sudan)"
"525","Awlad Omran Ethnic Militia (Sudan)"
"526","Garre Ethnic Militia (Ethiopia)"
"527","Ayiel-Gok Sub Clan Militia (South Sudan)"
"528","Military Forces of Madagascar (2014-2019)"
"529","Alkamba Ethnic Militia (Central African Republic)"
"530","Zurug Ethnic Militia (Sudan)"
"531","MNLA: National Movement for the Liberation of Azawad"
"532","JEM-Sudan: Justice and Equality Movement (Sudan Faction)"
"533","Unidentified Armed Group (Ivory Coast)"
"534","UNMISS: United Nations Mission in the Republic of South Sudan (2011-)"
"535","Darfur Joint Resistance Forces"
"536","Militia (Musa Hilal)"
"537","FPR: Popular Front for the Recovery"
"538","Military Forces of Egypt (2013-2014)"
"539","MUJAO: Movement for Unity and Jihad in West Africa"
"540","Christian Militia (Central African Republic)"
"541","Unidentified Ethnic Militia (South Sudan)"
"542","Muslim Brotherhood"
"543","SLM/A-Karbino: Sudan Liberation Movement/Army (Karbino Faction)"
"544","Military Forces of Libya (2012-2014)"
"545","Maasai Ethnic Militia (Tanzania)"
"546","Mutiny of Military Forces of South Sudan (2011-)"
"547","Military Forces of South Sudan (2011-) Presidential Security Unit"
"548","Military Forces of the Republic of Congo (1997-)"
"549","Mbororo Ethnic Militia (Central African Republic)"
"550","Unidentified Armed Group (Republic of Congo)"
"551","SRF: Sudan Revolutionary Front"
"552","Mahariya Ethnic Militia (Sudan)"
"553","Abgal-Mohamed Muse Sub-Clan Militia (Somalia)"
"554","Unidentified Clan Militia (Egypt)"
"555","Shiidle Clan Militia (Somalia)"
"556","Military Forces of Kenya (2002-2013)"
"557","Yau Yau Rebels"
"558","Shuwa Ethnic Militia (Nigeria)"
"559","Military Forces of the Central African Republic (2013-2014)"
"560","Police Forces of Kenya (2002-2013)"
"561","Raskamboni Brigade"
"562","Konianke Ethnic Militia (Guinea)"
"563","Military Forces of South Africa (1994-)"
"564","Egbema Ethnic Militia (Nigeria)"
"565","Bani Hussein Ethnic Militia (Sudan)"
"566","Military Forces of Mali (2012-2013)"
"567","Beni Halba Ethnic Militia (Sudan)"
"568","Militia (Anti-Al Shabaab)"
"569","Katenda Communal Militia (Democratic Republic of Congo)"
"570","FPC: Forces of Congolese Patriots"
"571","EUFF: Ethiopian Unity and Freedom Force"
"572","SLM/A-Unity: Sudan Liberation Movement/Army (Unity Faction)"
"573","Former Military Forces of the Central African Republic (2003-2013)"
"574","Tarok Ethnic Militia (Nigeria)"
"575","Mayi Mayi Militia (Shetani)"
"576","Tigers Militia"
"577","Pokot Ethnic Militia (Kenya)"
"578","Nuer Ethnic Militia (Sudan)"
"579","Seleka Rebel Coalition"
"580","Amagu Communal Militia (Nigeria)"
"581","Military Forces of Somalia (2012-2017) Puntland Police Force"
"582","Orma Ethnic Militia (Kenya)"
"583","Mayi Mayi Militia (Morgan Ekasambaza)"
"584","UFDR: Union of Democratic Forces for Unity"
"585","Pokomo Ethnic Militia (Kenya)"
"586","Dinka Ngok Ethnic Militia (Sudan)"
"587","Police Forces of Sudan (1989-2019) National Intelligence and Security Services"
"588","Military Forces of the Central African Republic (2003-2013)"
"589","Panyon Communal Militia (South Sudan)"
"590","Malinke Ethnic Militia (Ivory Coast)"
"591","Police Forces of Madagascar (2009-2014)"
"592","MRPC: Popular Resistance Movement of Congo"
"593","Mayi Mayi Militia (Cheka)"
"594","Unidentified Ethnic Militia (Libya)"
"595","Military Forces of Egypt (2012-2013)"
"596","Military Forces of Somalia (2004-2012)"
"597","Military Forces of Madagascar (2009-2014)"
"598","Christian Militia (Nigeria)"
"599","El-Mashashia Ethnic Militia (Libya)"
"600","Unidentified Armed Group (Liberia)"
"601","Former CNDP: National Congress for the Defence of the People"
"602","Mutiny of Military Forces of Mali (2002-2012)"
"603","MEND: Movement for the Emancipation of the Niger Delta"
"604","Galgala Communal Militia (Somalia)"
"605","SVS: Shabelle Valley State Forces"
"606","Ezza Ethnic Militia (Nigeria)"
"607","MFDC: Movement of Democratic Forces of Casamance"
"608","Muslim Youth Sect Militia (Nigeria)"
"609","FNL: National Forces of Liberation"
"610","Majeerteen Ugaar-Saleban Sub-Clan Militia (Somalia)"
"611","Military Forces of Niger (2010-2011)"
"612","SSLM/A: South Sudan Liberation Movement/Army"
"613","Military Forces of Libya (1969-2011)"
"614","Operation Unified Protector: NATO Mission in Libya (2011-2011)"
"615","CPJP: Convention of Patriots for Justice and Peace"
"616","SLM/A: Sudan Liberation Movement/Army"
"617","Military Forces of Somalia (2004-2012) Galmudug Administration"
"618","Shilluk Ethnic Militia (Sudan)"
"619","Murle Ethnic Militia (Sudan)"
"620","Ali Jibrail Clan Militia (Somalia)"
"621","Military Forces of Mauritania (2009-)"
"622","Lou Nuer Ethnic Militia (Sudan)"
"623","Tuareg Ethnic Militia (Mali)"
"624","Toposa Ethnic Militia (Kenya)"
"625","Military Forces of the Ivory Coast (2000-2011)"
"626","Military Forces of Southern Sudan (2005-2011)"
"627","Philip Bepan Rebel Group"
"628","SSDF: South Sudan Defence Forces"
"629","Muslim Militia (Egypt)"
"630","Private Security Forces (Ivory Coast)"
"631","Merrile Ethnic Militia (Ethiopia)"
"632","Unidentified Armed Group (Morocco)"
"633","Militia (Pro-Laurent Gbagbo)"
"634","Militia (Gabriel Tang)"
"635","Bajju Ethnic Militia (Nigeria)"
"636","PDF: Popular Defence Forces"
"637","Police Forces of the Ivory Coast (2000-2011)"
"638","Libyan Rebel Forces"
"639","Military Forces of Kenya (2002-2013) General Service Unit"
"640","Police Forces of Egypt (2011-2012)"
"641","Olonyi Rebel Group"
"642","Military Forces of Egypt (2011-2012)"
"643","Lith-Twic East Clan Militia (South Sudan)"
"644","Militia (Pro-Alassane Ouattara)"
"645","Police Forces of Libya (1969-2011)"
"646","Islamic Emirate of Barqa"
"647","George Athor Deng Rebel Group"
"648","Guere Ethnic Militia (Ivory Coast)"
"649","Al Qaeda"
"650","COJEP: Young Patriots"
"651","FESCI: Student Federation of Ivory Coast"
"652","Polisario Front"
"653","HI: Hizbul Islam"
"654","Al-Saada Ethnic Militia (Sudan)"
"655","PDP: Peoples Democratic Party"
"656","NALU: National Army for the Liberation of Uganda"
"657","FPRN: Popular Front for National Rebirth"
"658","RSADO: Red Sea Afar Democratic Organisation"
"659","Berom Ethnic Militia (Nigeria)"
"660","Enyele Ethnic Militia (Democratic Republic of Congo)"
"661","Agoumar Communal Militia (Central African Republic)"
"662","Hawiye Clan Militia (Somalia)"
"663","Qubeys Clan Militia (Somalia)"
"664","Gok Ethnic Militia (Sudan)"
"665","CSRD: Supreme Council for the Restoration of Democracy"
"666","APRD: Popular Army for the Restoration of the Republic and Democracy"
"667","Dinka Ethnic Militia (Sudan)"
"668","Kalo-Kato Militia"
"669","ENSF: Eritrean National Salvation Front"
"670","Resistance Patriots of Dongo"
"671","Mundari Ethnic Militia (Sudan)"
"672","Zaghawa Ethnic Militia (Sudan)"
"673","Military Forces of Zimbabwe (1987-2017)"
"674","Toposa Ethnic Militia (Sudan)"
"675","Private Security Forces (Sudan)"
"676","Mayi Mayi Militia (Kifuafua)"
"677","ATNMC: North Mali Tuareg Alliance for Change"
"678","MINURCAT: United Nations Mission in the Central African Republic and Chad (2007-2010)"
"679","Luach Jang Ethnic Militia (Sudan)"
"680","MONUC: United Nations Organization Mission in Democratic Republic of Congo (1999-2010)"
"681","Police Forces of Algeria (1999-)"
"682","Mayi Mayi Militia (PARECO)"
"683","Mutiny of Military Forces of Uganda (1986-)"
"684","Witch Hunters Militia (Gambia)"
"685","Military Forces of Madagascar (2002-2009)"
"686","TGV: Determined Malagasy Youth"
"687","Hawazmah Ethnic Militia (Sudan)"
"688","FNCI: New Forces of Ivory Coast"
"689","Jie Ethnic Militia (Uganda)"
"690","Police Forces of Zambia (2008-2011)"
"691","FPJC: Popular Front for Justice in Congo"
"692","Dodoth Ethnic Militia (Uganda)"
"693","FUC: United Front for Change"
"694","Murle Ethnic Militia (Kenya)"
"695","NDDSC: Niger Delta Defence and Security Council"
"696","Hubeer Clan Militia (Somalia)"
"697","JEM-UFN: Justice and Equality Movement (Unity Faction Nur)"
"698","Military Forces of Niger (1999-2010)"
"699","Unidentified Armed Group (Zimbabwe)"
"700","National Alliance of Chad"
"701","Military Forces of Cameroon (1982-) Gendarmerie"
"702","Military Forces of Djibouti (1999-)"
"703","ZANU-PF: Zimbabwe African National Union-Patriotic Front"
"704","Bokora Ethnic Militia (Uganda)"
"705","MNJ: Nigerien Movement for Justice"
"706","SLDF: Sabaot Land Defence Force"
"707","Kalenjin Ethnic Militia (Kenya)"
"708","Military Forces of Somaliland (2001-2010)"
"709","Busia Communal Militia (Kenya)"
"710","Murahaleen Ethnic Militia (Sudan)"
"711","UFDD: Union of Forces for Democracy and Development"
"712","Liberators of the Southern Cameroon"
"713","PRM: Popular Resistance Movement in the Land of the Two Migrations"
"714","PALIPEHUTU-FNL: National Forces for Liberation-Party for the Liberation of the Hutu People"
"715","Zaghawa Ethnic Militia (Chad)"
"716","Military Forces of Gambia (1996-2017)"
"717","Military Forces of Somalia (2004-2012) Puntland Security Force"
"718","ADC: Democratic Alliance of 23rd May for Change"
"719","Gabra Ethnic Militia (Kenya)"
"720","Al-Sunna wal Jamma Militia"
"721","Gabra Ethnic Militia (Ethiopia)"
"722","RAFD: Rally of Democratic Forces"
"723","Military Forces of the Central African Republic (2003-2013) Presidential Security Unit"
"724","ICU: Islamic Courts Union"
"725","Musgum Ethnic Militia (Cameroon)"
"726","Military Forces of the United States (2001-2009)"
"727","Terjem Ethnic Militia (Sudan)"
"728","UNMIS: United Nations Mission in Sudan (2005-2011)"
"729","Militia (Mohamed Dhere)"
"730","Ummat al-Amjad"
"731","GSPC: Salafist Group for Call and Combat"
"732","Militia (Barre Adan Shire Hiraale)"
"733","Muslim Militia (Ethiopia)"
"734","Suleiman Clan Militia (Somalia)"
"735","Militia (Abdirahman Xidig)"
"736","PPRD: Peoples Party for Reconstruction and Democracy"
"737","Dinka Agar Ethnic Militia (Sudan)"
"738","Matheniko Ethnic Militia (Uganda)"
"739","ARPCT: Alliance for the Restoration of Peace and Counter-Terrorism"
"740","Borana Ethnic Militia (Ethiopia)"
"741","BC: Beja Congress"
"742","EPPF: Ethiopian Peoples Patriotic Front"
"743","Military Forces of Guinea-Bissau (2005-2009)"
"744","Eastern Front"
"745","NMRD: National Movement for Reform and Development"
"746","Dassanach Ethnic Militia (Ethiopia)"
"747","RDL: Rally for Democracy and Liberty"
"748","Hotiya-Baggara Ethnic Militia (Somalia)"
"749","SCUD: Foundation for Change, National Unity and Democracy"
"750","Zande Ethnic Militia (Sudan)"
"751","Pian Ethnic Militia (Uganda)"
"752","RCD: Rally for Congolese Democracy"
"753","Rahanweyn-Hubeer Sub-Clan Militia (Somalia)"
"754","Police Forces of Gambia (1996-2017)"
"755","Abdullah Azzam Brigade"
"756","Garre Clan Militia (Somalia)"
"757","Karamajong Ethnic Militia (Uganda)"
"758","Police Forces of Eritrea (1993-)"
"759","Interahamwe Militia"
"760","Viking 22 Student Militia"
"761","Auliyan Clan Militia (Somalia)"
"762","AIAI: Al-Itihad Al-Islamia"
"763","MILOCI: Movement for the Liberation of Western Ivory Coast"
"764","Kikuyu Ethnic Militia (Kenya)"
"765","Arab Ethnic Militia (Sudan)"
"766","Military Forces of Burundi (1996-2005)"
"767","Bete Ethnic Militia (Ivory Coast)"
"768","Senoufo Ethnic Militia (Ivory Coast)"
"769","LURD: Liberians United for Reconciliation and Democracy"
"770","Military Forces of France"
"771","Mutiny of Military Forces of the Democratic Republic of Congo (2001-2019)"
"772","Equatoria Defence Force"
"773","Bashmurqa Ethnic Militia (Sudan)"
"774","SSIC: Somali Supreme Islamic Courts Council"
"775","FNI: Nationalist and Integrationist Front"
"776","Islamist Militia (Somalia)"
"777","SPLM/A: Sudan People's Liberation Movement/Army"
"778","Unidentified Armed Group (Equatorial Guinea)"
"779","Anuak Ethnic Militia (Ethiopia)"
"780","Arrow Boys Militia"
"781","Gura Ethnic Militia (Ethiopia)"
"782","Al-Ruayah Ethnic Militia (Sudan)"
"783","MYM: Mujahideen Youth Movement"
"784","Ninjas Militia"
"785","CNDD-FDD: National Council for the Defence of Democracy-Forces for the Defence of Democracy"
"786","Shiite Muslim Militia (Mali)"
"787","Ijaw Ethnic Militia (Nigeria)"
"788","RCD-K-ML: Rally for Congolese Democracy-Kisangani-Liberation Movement"
"789","Urhobo Ethnic Militia (Nigeria)"
"790","RCD-Goma: Rally for Congolese Democracy (Goma)"
"791","Igbo Ethnic Militia (Nigeria)"
"792","GIA: Armed Islamic Group"
"793","Area Boys Militia"
"794","Military Forces of Guinea (1984-2008)"
"795","Igbarra Ethnic Militia (Nigeria)"
"796","Itsekiri Ethnic Militia (Nigeria)"
"797","MPIGO: Ivorian Popular Movement of the Great West"
"798","Military Forces of Uganda (1986-) Local Defense Unit"
"799","MDJT: Movement for Democracy and Justice in Chad"
"800","Yugur Ethnic Militia (Nigeria)"
"801","Abbey Ethnic Militia (Ivory Coast)"
"802","MLC: Movement for the Liberation of Congo"
"803","Mutiny of Military Forces of the Central African Republic (1993-2003)"
"804","Anuak Ethnic Militia (Sudan)"
"805","The Government of Universal Palestine in Exile"
"806","Islamist Militia (Kenya)"
"807","Military Forces of the Central African Republic (1993-2003)"
"808","Hutu Rebels"
"809","MPCI: Patriotic Movement of the Ivory Coast"
"810","Police Forces of Kenya (1978-2002)"
"811","Islamist Militia (Algeria)"
"812","Merrile Ethnic Militia (Kenya)"
"813","Mutiny of Military Forces of Niger (2000-2010)"
"814","RCD: Rally for Congolese Democracy (Masunzu Faction)"
"815","Dongiro Ethnic Militia (Sudan)"
"816","FNL-N: National Forces of Liberation (Nkurunziza Faction)"
"817","Unidentified Communal Militia (Central African Republic)"
"818","Military Forces of Tanzania (1964-)"
"819","UNITA: National Union for the Total Independence of Angola"
"820","Military Forces of Madagascar (1997-2002)"
"821","Zaraguinas"
"822","Kuria Ethnic Militia (Kenya)"
"823","Former Military Forces of Rwanda (1973-1994)"
"824","Police Forces of Burkina Faso (1987-2014)"
"825","SPDF: Sudan Peoples Democratic Front"
"826","OPC: Oodua Peoples Congress"
"827","Mambilla Ethnic Militia (Kenya)"
"828","Unidentified Armed Group (Angola)"
"829","Alur Ethnic Militia (Democratic Republic of Congo)"
"830","Mambilla Ethnic Militia (Nigeria)"
"831","Military Forces of Liberia (1997-2003)"
"832","Luo Ethnic Militia (Kenya)"
"833","Nuba Ethnic Militia (Kenya)"
"834","Mamprusis Ethnic Militia (Ghana)"
"835","GLD: Legitimate Defence Groups Militia"
"836","Turkana Ethnic Militia (Sudan)"
"837","Wardei Ethnic Militia (Kenya)"
"838","Unidentified Armed Group (Algeria)"
"839","Military Forces of the Democratic Republic of Congo (1997-2001)"
"840","FLC: Congolese Liberation Front"
"841","Kisii Ethnic Militia (Kenya)"
"842","Military Forces of Senegal (2000-2012)"
"843","Police Forces of Ghana (2001-2009)"
"844","RUF: Revolutionary United Front"
"845","Unidentified Armed Group (Guinea)"
"846","NDA: National Democratic Alliance"
"847","Unidentified Armed Group (Sierra Leone)"
"848","Military Forces of Guinea-Bissau (2000-2003)"
"849","RCD-K: Rally for Congolese Democracy (Kisangani)"
"850","Civilians (Niger)"
"851","Civilians (Nigeria)"
"852","Civilians (Ethiopia)"
"853","Civilians (Democratic Republic of Congo)"
"854","Moussey Ethnic Militia (Chad)"
"855","Ansaru"
"856","Military Forces of Madagascar (2019-) Gendarmerie"
"857","Habar Gedir-Saleban Clan Militia (Somalia)"
"858","Civilians (Mozambique)"
"859","Civilians (Burkina Faso)"
"860","FNL-N: National Forces of Liberation (Nzabampema Faction)"
"861","Civilians (Mali)"
"862","Dioula Ethnic Militia (Ivory Coast)"
"863","Civilians (Somalia)"
"864","Langdiing-Ayiel-Gok Sub Clan Militia (South Sudan)"
"865","Civilians (South Sudan)"
"866","Police Forces of Somalia (2017-) Jubaland Security Force"
"867","Civilians (Cameroon)"
"868","Police Forces of Somalia (2017-) Prison Guards"
"869","Taaisha Ethnic Militia (Sudan)"
"870","Civilians (Chad)"
"871","Litandacua Communal Militia (Mozambique)"
"872","Civilians (Central African Republic)"
"873","Konso Ethnic Militia (Ethiopia)"
"874","Civilians (Sudan)"
"875","Islamic State (Somalia)"
"876","Hawazmah Clan Militia (Sudan)"
"877","Atok-Rek Sub-Clan Militia (South Sudan)"
"878","Janzur Knights Brigade"
"879","Dhulbahante-Reer Hagar Sub-Clan Militia (Somalia)"
"880","Duk Padiet Communal Militia (South Sudan)"
"881","Buk-Atok-Rek Sub-Clan Militia (South Sudan)"
"882","Civilians (Libya)"
"883","Banyamulenge Ethnic Militia (Democratic Republic of Congo)"
"884","Civilians (Bangladesh)"
"885","Nyong Clan Militia (South Sudan)"
"886","Choba Ethnic Militia (Nigeria)"
"887","Twic Clan Dinka Ethnic Militia (South Sudan)"
"888","Police Forces of the Democratic Republic of Congo (2019-) Eco-Guards"
"889","Police Forces of the Democratic Republic of Congo (2019-)"
"890","Tonj North Communal Militia (South Sudan)"
"891","Former FRELIMO: Liberation Front of Mozambique"
"892","Military Forces of Niger (2011-) Gendarmerie"
"893","Awramale Clan Militia (Somalia)"
"894","Private Security Forces (Syria)"
"895","Ruop-Agar Sub-Clan Militia (South Sudan)"
"896","Police Forces of Niger (2011-) National Guard"
"897","Civilians (Egypt)"
"898","Zombo Communal Militia (Uganda)"
"899","Gurbi Communal Militia"
"900","Owramale Clan Militia (Somalia)"
"901","Police Forces of Mali (2013-2020) Gendarmerie"
"902","Yogoubeneme Communal Militia (Mali)"
"903","Antsokay Communal Militia (Madagascar)"
"904","Katiba Serma"
"905","Civilians (Kenya)"
"906","AWDL Communal Militia (Somalia)"
"907","Police Forces of Madagascar (2019-)"
"908","Antandroy Ethnic Militia (Madagasacar)"
"909","Bodi Communal Militia (Ethiopia)"
"910","Civilians (Rwanda)"
"911","Jalwaau Communal Militia (South Sudan)"
"912","Takum Communal Militia (Nigeria)"
"913","Akok Communal Militia (South Sudan)"
"914","SPLM-In Opposition: Sudan People's Liberation Movement-In Opposition (Splinter Faction)"
"915","Ouaddaian Ethnic Militia (Chad)"
"916","Hawiye-Sheikhal-Awqudub Sub-Clan Militia (Somalia)"
"917","Hir-Shabelle Sub-Clan Militia (Somalia)"
"918","Militia (Col. Caare)"
"919","Civilians (International)"
"920","Gaalkacyo Clan Militia (Somalia)"
"921","Military Forces of Nigeria (2019-)"
"922","Arab Ethnic Militia (Libya)"
"923","Twic Communal Militia (South Sudan)"
"924","Unidentified Cult Militia (Nigeria)"
"925","Jie Ethnic Militia (South Sudan)"
"926","Jibia Communal Militia (Nigeria)"
"927","Kankara Communal Militia (Nigeria)"
"928","HCUA: High Council for the Unity of Azawad"
"929","Fulani Ethnic Militia (Burkina Faso)"
"930","Military Forces of Jubaland (2013-)"
"931","Nanchere Ethnic Militia (Chad)"
"932","Jan-Ruwa Communal Militia (Nigeria)"
"933","Mayi Mayi Militia (Nyatura-Kavumbi)"
"934","Marba Ethnic Militia (Chad)"
"935","MPF: Murzuq Protection Force"
"936","Tsafe Communal Militia (Nigeria)"
"937","UFR: Union of Forces for Resistance"
"938","UPLC: Union of Patriots for the Liberation of Congo"
"939","Mayi Mayi Militia (Nyatura-Nzayi)"
"940","Murusade Clan Militia (Somalia)"
"941","Military Forces of the Central African Republic (2016-) Gendarmerie"
"942","MINUSMA: United Nations Multidimensional Integrated Stabilization Mission in Mali (2013-)"
"943","Misseriya Jabal Ethnic Militia (Sudan)"
"944","Marehan-Wagardhac Sub-Clan Militia (Somalia)"
"945","Banunu Ethnic Militia (Democratic Republic of Congo)"
"946","Police Forces of Ethiopia (2018-) Oromia State Police"
"947","Civilians (Burundi)"
"948","Militia (Kawai Dewayo)"
"949","Miski Communal Militia (Chad)"
"950","Mayi Mayi Militia (Raia Mutomboki-Hamakombo)"
"951","Dhulbahante-Qayaad Sub-Clan Militia (Somalia)"
"952","Militia (Terwase Agwaza)"
"953","Mozum Communal Militia (Nigeria)"
"954","Boji Communal Militia (Ethiopia)"
"955","TPF: Tripoli Protection Force"
"956","Amerko Ethnic Militia (Ethiopia)"
"957","Fokonolona Communal Militia (Madagascar)"
"958","Jal Wau Communal Militia (South Sudan)"
"959","Civilians (Republic of Congo)"
"960","Niangassagou Communal Militia (Mali)"
"961","Mayi Mayi Militia (Charles)"
"962","Anti-Balaka (Yagbengue Faction)"
"963","Karakindje Communal Militia (Mali)"
"964","Unidentified Communal Militia (Cameroon)"
"965","Zanoka Communal Militia (Nigeria)"
"966","Police Forces of Libya (2016-)"
"967","SS-UF: South Sudan-United Front"
"968","Cross River Communal Militia (Nigeria)"
"969","Cabudwaaq Communal Militia (Somalia)"
"970","SPLM-N: Sudan People's Liberation Movement (North)"
"971","Siriri Coalition"
"972","Luo Ethnic Militia (South Sudan)"
"973","Militia (Buharin Daji)"
"974","Irigwe Ethnic Militia (Nigeria)"
"975","Habar Yoonis-Sacad Yoonis Sub-Clan Militia (Somalia)"
"976","Civilians (Senegal)"
"977","RJ: Revolution and Justice"
"978","Militia (Sheikh Mukhtar Robow)"
"979","RAC: Revolutionary Awakening Council"
"980","Kwahu Communal Militia (Ghana)"
"981","Unidentified Ethnic Militia (Chad)"
"982","IPOB: Indigenous Peoples of Biafra"
"983","FPRC: Popular Front for the Renaissance of Central Africa (Ousta Faction)"
"984","Moyale Communal Militia (Ethiopia)"
"985","Civilians (Ghana)"
"986","SSPM/A: South Sudan Patriotic Movement/Army"
"987","Suwai Clan Militia (Libya)"
"988","SPLM-N-NMLC: Sudan People's Liberation Movement (North) (Nuba Mountains Liberation Council Faction)"
"989","Majeerteen-Ismail Saleban Sub-Clan Militia (Somalia)"
"990","Budi Communal Militia (South Sudan)"
"991","Wanihem Communal Militia (Nigeria)"
"992","Mayi Mayi Militia (Fuliiru)"
"993","Police Forces of the Democratic Republic of Congo (2001-2019) Prison Guards"
"994","Fakhr Libya"
"995","Libyan National Guards"
"996","Marsabit Communal Militia (Kenya)"
"997","Aliap Clan Militia (South Sudan)"
"998","Lulua Ethnic Militia (Democratic Republic of Congo)"
"999","Basbusa Clan Militia (Libya)"
"1000","Benishangul Peoples Liberation Movement"
"1001","Abgal-Cabdale Caroone Sub-Clan Militia (Somalia)"
"1002","Berti Ethnic Militia (Sudan)"
"1003","Mafa Communal Militia (Nigeria)"
"1004","Military Forces of Madagascar (2014-2019) Gendarmerie"
"1005","Militia (Refugees)"
"1006","Jalle Communal Militia (South Sudan)"
"1007","Maban Communal Militia (South Sudan)"
"1008","Omar Mukhtar Brigade"
"1009","Fulani Ethnic Militia (Niger)"
"1010","Mayi Mayi Militia (Body of Christ)"
"1011","Koch Communal Militia (South Sudan)"
"1012","FLEC: Front for the Liberation of the Enclave of Cabinda"
"1013","Mutiny of UPC: Union for Peace in the Central African Republic"
"1014","Limani Communal Militia (Cameroon)"
"1015","Fertit Ethnic Militia (South Sudan)"
"1016","Mutiny of Military Forces of Somalia (2012-2017) Puntland Security Force"
"1017","Mahadi Ethnic Militia (Sudan)"
"1018","Civilians (Madagascar)"
"1019","Unidentified Communal Militia (Libya)"
"1020","Khatumo Regional Militia (Somalia)"
"1021","Fulani Ethnic Militia (Ivory Coast)"
"1022","Civilians (Ivory Coast)"
"1023","Operation Libya Dawn"
"1024","Sabratha Communal Militia (Libya)"
"1025","Civilians (Uganda)"
"1026","Militia (Ndigbara)"
"1027","Shilluk Ethnic Militia (South Sudan)"
"1028","SSNLM: South Sudan National Liberation Movement"
"1029","Dinka Marial Lou Ethnic Militia (South Sudan)"
"1030","Issa Yonis Moussa Sub-Clan Militia (Djibouti)"
"1031","Tawhid al-Salafiya"
"1032","Gogone Communal Militia (Niger)"
"1033","Anuak Ethnic Militia (South Sudan)"
"1034","Awngi Ethnic Militia (Ethiopia)"
"1035","Duduble Clan Militia (Somalia)"
"1036","Unidentified Clan Militia (Ethiopia)"
"1037","Dinka Luach Ethnic Militia (South Sudan)"
"1038","Police Forces of Niger (2011-)"
"1039","Police Forces of Mozambique (1990-)"
"1040","Firjan Ethnic Militia (Libya)"
"1041","Abu Salim Martyrs Brigade"
"1042","Islamist Militia (Libya)"
"1043","Mundari Ethnic Militia (South Sudan)"
"1044","Mutiny of Military Forces of Burundi (2005-)"
"1045","Bimbilla Communal Militia (Ghana)"
"1046","Berber Ethnic Militia (Algeria)"
"1047","Unidentified Armed Group (Eritrea)"
"1048","Mayi Mayi Militia (Handlebar)"
"1049","Police Forces of Chad (1990-)"
"1050","Hamar Ethnic Militia (Ethiopia)"
"1051","Jur Ethnic Militia (South Sudan)"
"1052","Dinka Ngok Ethnic Militia (South Sudan)"
"1053","Haak Nuer Ethnic Militia (South Sudan)"
"1054","Egbas Ethnic Militia (Nigeria)"
"1055","Christian Militia (Angola)"
"1056","Rumbek Communal Militia (South Sudan)"
"1057","Rup Dinka Ethnic Militia (South Sudan)"
"1058","Saalax Communal Militia (Somalia)"
"1059","Gaboua Communal Militia (Cameroon)"
"1060","Thuyic Ethnic Militia (South Sudan)"
"1061","Kanberi Ethnic Militia (Nigeria)"
"1062","Brega Martyrs Brigade"
"1063","February 17 Martyrs Brigade"
"1064","Militia (Ahmed Madoobe)"
"1065","Civilians (Guinea-Bissau)"
"1066","Leer Communal Militia (South Sudan)"
"1067","Degodia Ethnic Militia (Kenya)"
"1068","Civilians (Eritrea)"
"1069","Shiite Muslim Militia (Nigeria)"
"1070","Military Forces of Libya (2012-2014) Special Forces"
"1071","AU-RTF: African Union-led Regional Task Force (2011-)"
"1072","Panyar-Gok Sub-Clan Militia (South Sudan)"
"1073","Liwa Communal Militia (Central African Republic)"
"1074","Luba Ethnic Militia (Democratic Republic of Congo)"
"1075","Bwasarsud Communal Militia (Madagascar)"
"1076","MISCA: African-led International Support Mission to the Central African Republic (2013-2014)"
"1077","Gbajimba Communal Militia (Nigeria)"
"1078","Duk Youth Militia (South Sudan)"
"1079","Tama Ethnic Militia (Sudan)"
"1080","Military Forces of Israel (2009-)"
"1081","Police Forces of Egypt (2013-2014)"
"1082","Unidentified Communal Militia (Tanzania)"
"1083","Burji Ethnic Militia (Kenya)"
"1084","Bisheshab Ethnic Militia (Sudan)"
"1085","AU RCI-LRA: African Union Regional Cooperation Inititiative for the Elimination of the Lords Resistance Army Joint Task Force (2011-)"
"1086","Alago Ethnic Militia (Nigeria)"
"1087","Garamna Ethnic Militia (Libya)"
"1088","Militia (Bozize)"
"1089","Pirates (Nigeria)"
"1090","Al Jihad"
"1091","Esira Communal Militia (Madagascar)"
"1092","Ranomafana Communal Militia (Madagascar)"
"1093","Guerze Ethnic Militia (Guinea)"
"1094","Barre-Hirale Sub-Clan Militia (Somalia)"
"1095","Militia (Ali Kwara)"
"1096","Al-Gamir Ethnic Militia (Sudan)"
"1097","Al Taaysha Ethnic Militia (Sudan)"
"1098","Moba Communal Militia (Democratic Republic of Congo)"
"1099","Ogume Communal Militia (Nigeria)"
"1100","Police Forces of the Central African Republic (2013-2014)"
"1101","MPA: Popular Movement for Self-Defence"
"1102","Ogaden Clan Militia (Somalia)"
"1103","Those Who Signed in Blood"
"1104","LJM: Liberation and Justice Movement"
"1105","Tugen Ethnic Militia (Kenya)"
"1106","Dinka Rek Ethnic Militia (Sudan)"
"1107","Men Around the Prophet"
"1108","FDPC: Democratic Front for the People of the Central African Republic"
"1109","Amothnhon Communal Militia (South Sudan)"
"1110","Police Forces of Egypt (2012-2013)"
"1111","Emanombo Communal Militia (Madagascar)"
"1112","Fenoevo Communal Militia (Madagascar)"
"1113","CDF: Congolese Defence Forces"
"1114","Gontrar Ethnic Militia (Libya)"
"1115","Military Forces of Libya (2011-2012)"
"1116","MINUCI: United Nations Mission in Cote d'Ivoire (2003-2004)"
"1117","MASSOB: Movement for the Actualization of a Sovereign State of Biafra"
"1118","Suri Ethnic Militia (Ethiopia)"
"1119","CNDP: National Congress for the Defence of the People"
"1120","Sabha Communal Militia (Libya)"
"1121","SSC: Sool, Sanaag and Cayn Militia"
"1122","Military Forces of Mali (2002-2012)"
"1123","Mayi Mayi Militia (Guides)"
"1124","Ezillo Ethnic Militia (Nigeria)"
"1125","Sheeqaal Clan Militia (Somalia)"
"1126","Ali Saleban Clan Militia (Somalia)"
"1127","NLA: National Liberation Army"
"1128","Civilians (Liberia)"
"1129","Police Forces of Southern Sudan (2005-2011)"
"1130","Military Forces of the Central African Republic (2003-2013) Gendarmerie"
"1131","Coptic Christian Militia (Egypt)"
"1132","Civilians (Morocco)"
"1133","Kwa Na Kwa Party"
"1134","Jul-bel Ethnic Militia (Sudan)"
"1135","Gatluak Gai Rebel Group"
"1136","Military Forces of the Democratic Republic of Congo (2001-2019) Presidential Security Unit"
"1137","OLF: Oromo Liberation Front (Splinter Faction)"
"1138","Military Forces of Nigeria (1999-2015) Joint Task Force"
"1139","Police Forces of Morocco (1999-)"
"1140","ANPP: All Nigeria Peoples Party"
"1141","Yirol Communal Militia (Sudan)"
"1142","MLCJ-Rakis: Movement of Central African Liberators for Justice (Rakis Faction)"
"1143","Gwang Rebel Group"
"1144","Civilians (Algeria)"
"1145","Nuwayba Ethnic Militia (Sudan)"
"1146","Lobala Ethnic Militia (Democratic Republic of Congo)"
"1147","Police Forces of the Central African Republic (2003-2013)"
"1148","Civilians (Tanzania)"
"1149","Birgid Ethnic Militia (Sudan)"
"1150","Civilians (Zimbabwe)"
"1151","CNJ: National Convention for Justice"
"1152","Sidama Ethnic Militia (Ethiopia)"
"1153","Eastern Jikany Nuer Ethnic Militia (Sudan)"
"1154","TPDM: Tigray Peoples Democratic Movement"
"1155","Civilians (Gambia)"
"1156","Unidentified Clan Militia (Sudan)"
"1157","Apuk Ethnic Militia (Sudan)"
"1158","Mutiny of FNCI: New Forces of Ivory Coast (Zakaria Kone)"
"1159","Police Forces of Somalia (2004-2012)"
"1160","Civilians (Zambia)"
"1161","Private Security Forces (Kenya)"
"1162","Amaro Ethnic Militia (Ethiopia)"
"1163","RFC: Rally of Forces for Change"
"1164","Mutiny of PALIPEHUTU-FNL: National Forces for Liberation-Party for the Liberation of the Hutu People"
"1165","Tama Ethnic Militia (Chad)"
"1166","UNAMID: United Nations/African Union Hybrid Operation in Darfur (2007-)"
"1167","SLM/A-Shafi: Sudan Liberation Movement/Army (Ahmed Abdel Shafi Faction)"
"1168","Police Forces of Cameroon (1982-)"
"1169","FUCD: Unity Front for Democratic Change"
"1170","NRF: National Redemption Front"
"1171","Kotoko Ethnic Militia (Cameroon)"
"1172","Militia (Abdi Awale Qeybdid)"
"1173","Christian Militia (Ethiopia)"
"1174","Rahanweyn Clan Militia (Somalia)"
"1175","Police Forces of Algeria (1999-) Municipal Guard"
"1176","MRC: Congolese Revolutionary Movement"
"1177","MFDC: Movement of Democratic Forces of Casamance (Front Sud)"
"1178","Suleiman-Habar Gedir Clan Militia (Somalia)"
"1179","Newiba-Aballa Ethnic Militia (Sudan)"
"1180","Militia (Iman Muhammad Ali)"
"1181","Moru Ethnic Militia (Sudan)"
"1182","Rahanweyn-Yantar Sub-Clan Militia (Somalia)"
"1183","Black Axe Student Militia"
"1184","Hadame Clan Militia (Somalia)"
"1185","Hawiye-Habar Gedir-Saleban Sub-Clan Militia (Somalia)"
"1186","Gebra Ethnic Militia (Ethiopia)"
"1187","Maasai Ethnic Militia (Kenya)"
"1188","Katangan Tigers"
"1189","Burgo Ethnic Militia (Sudan)"
"1190","Mutiny of FNCI: New Forces of Ivory Coast (Ibrahim Coulibaly)"
"1191","Military Forces of Somalia (2000-2004)"
"1192","Military Forces of Equatorial Guinea (1979-)"
"1193","Mutiny of Military Forces of the Democratic Republic of Congo (2001-2019) (Nkunda Faction)"
"1194","Dawe Ethnic Militia (Ethiopia)"
"1195","PUSIC: Party for the Unity and Safekeeping of Congos Integrity"
"1196","Police Forces of Somalia (2000-2004)"
"1197","AD: Alliance for Democracy"
"1198","Gbagyi Ethnic Militia (Nigeria)"
"1199","Riyom Ethnic Militia (Nigeria)"
"1200","FONALT: Forces of the National Organisations for Alternance and Liberty in Chad"
"1201","ANR: National Resistance Army"
"1202","SLF: Sidama Liberation Front"
"1203","Isa Ethnic Militia (Ethiopia)"
"1204","Oromo Ethnic Militia (Kenya)"
"1205","Civilians (Angola)"
"1206","Owo Communal Militia (Nigeria)"
"1207","Fulani Ethnic Militia (Kenya)"
"1208","Kusasis Ethnic Militia (Ghana)"
"1209","Gasenyi Communal Militia (Burundi)"
"1210","Military Forces of Zambia (1991-2002)"
"1211","Kwala Ethnic Militia (Nigeria)"
"1212","Lafia Ethnic Militia (Nigeria)"
"1213","Civilians (Guinea)"
"1214","RFDG: Rally of Democratic Forces of Guinea"
"1215","Military Forces of South Sudan (2011-); Langdiing-Ayiel-Gok Sub Clan Militia (South Sudan) (South Sudan); Dinka Ethnic Militia (South Sudan)"
"1216","Pastoralists (Chad)"
"1217","Pastoralists (Madagascar)"
"1218","Dyck Advisory Group"
"1219","Hema Ethnic Group (Democratic Republic of Congo)"
"1220","Bira Ethnic Group (Democratic Republic of Congo)"
"1221","Police Forces of Nigeria (2015-); Civilian JTF: Civilian Joint Task Force"
"1222","Dinka Ethnic Militia (South Sudan); Pastoralists (South Sudan)"
"1223","Komala Communal Militia (Nigeria)"
"1224","Pastoralists (Nigeria)"
"1225","Batwa Ethnic Group (Democratic Republic of Congo)"
"1226","Prisoners (Somalia)"
"1227","Pastoralists (Sudan)"
"1228","Pastoralists (Mali)"
"1229","Awan-Parek-Rek Clan Militia (South Sudan); Dinka Ethnic Militia (South Sudan)"
"1230","Goula Ethnic Group (Central African Republic)"
"1231","Ngumino Ethnic Militia (Democratic Republic of Congo); Banyamulenge Ethnic Militia (Democratic Republic of Congo)"
"1232","Mayi Mayi Militia (Mazembe); NDC-G: Nduma Defence of Congo (Guidon)"
"1233","Military Forces of Burkina Faso (2015-); Police Forces of Burkina Faso (2015-) Gendarmerie"
"1234","Thuyic-Agar Sub-Clan Militia (South Sudan); Dinka Ethnic Militia (South Sudan)"
"1235","Tambura Communal Militia (South Sudan)"
"1236","Military Forces of South Sudan (2011-); Dinka Ethnic Militia (South Sudan)"
"1237","Lou Clan Militia (South Sudan); Dinka Ethnic Militia (South Sudan); Nuer Ethnic Militia (South Sudan)"
"1238","Military Forces of Niger (2011-); G5S: G5 Sahel Force (2017-)"
"1239","Twiganeho Ethnic Militia (Democratic Republic of Congo); Banyamulenge Ethnic Group (Democratic Republic of Congo)"
"1240","Dinka Ethnic Militia (South Sudan); Lakes Communal Militia (South Sudan)"
"1241","Fulani Ethnic Group (Central African Republic)"
"1242","APCLS: Alliance of Patriots for a Free and Sovereign Congo; APRC: Alliance of Patriots for the Reconstruction of Congo; Mayi Mayi Militia (Nyatura) Domi Faction; FDLR-FOCA: Democratic Forces for the Liberation of Rwanda- Forces fighting Abacunguzi"
"1243","Dinka Ethnic Group (South Sudan)"
"1244","MLCJ: Movement of Central African Liberators for Justice; PRNC: Party of the Rally of the Central African Nation; Kara Ethnic Group (Central African Republic)"
"1245","Unidentified Clan Group (Somalia)"
"1246","Islamic State (Mozambique)"
"1247","Ngok Clan Dinka Ethnic Militia (South Sudan)"
"1248","Aliamtoc-Agar Sub-Clan Militia (South Sudan); Kuei-Agar Sub-Clan Militia (South Sudan); Pakam-Agar Sub-Clan Militia (South Sudan); Dinka Ethnic Group (South Sudan)"
"1249","Military Forces of Nigeria (2015-); Military Forces of Niger (2011-)"
"1250","Pastoralists (Ethiopia)"
"1251","Military Forces of Burkina Faso (2015-); Military Forces of Mali (2013-2020)"
"1252","Military Forces of Mali (2013-2020); Military Forces of Niger (2011-)"
"1253","Kuei-Agar Sub-Clan Militia (South Sudan); Athoi-Agar Sub-Clan Militia (South Sudan); Dinka Ethnic Group (South Sudan)"
"1254","Military Forces of Burundi (2005-); CNDD-FDD-Imbonerakure: National Council for the Defence of Democracy (Imbonerakure Faction)"
"1255","Pastoralists (South Sudan)"
"1256","Military Forces of Mali (2013-2020); Military Forces of Niger (2011-); Military Forces of Burkina Faso (2015-); G5S: G5 Sahel Force (2017-)"
"1257","Military Forces of Sudan (2019-) Rapid Support Forces; Pastoralists (Sudan)"
"1258","Mayi Mayi Militia (Raia Mutomboki-Ndarumanga); Mayi Mayi Militia (Raia Mutomboki-Donat)"
"1259","Mossi Ethnic Militia (Burkina Faso); Foulse Ethnic Militia (Burkina Faso)"
"1260","FOREBU: Republican Forces of Burundi"
"1261","Tariq Ibn Ziyad Brigade"
"1262","Military Forces of Russia (2000-)"
"1263","Khalid Ibn Al-Walid Battalion; Umm el Araneb Communal Militia (Libya); Qatrun Communal Militia (Libya)"
"1264","Civilian JTF: Civilian Joint Task Force; Police Forces of Nigeria (2015-)"
"1265","Yei Communal Militia (South Sudan)"
"1266","Ahali Ethnic Militia (Libya)"
"1267","Eastern Jikany Nuer Ethnic Militia (South Sudan)"
"1268","Pastoralists (Somalia)"
"1269","Farmers (Sudan)"
"1270","Police Forces of Libya (2016-) Prison Guards"
"1271","Military Forces of Nigeria (2015-); MNJTF: Multinational Joint Task Force"
"1272","Taxi Drivers (Ivory Coast)"
"1273","Refugees/IDPs (Sudan)"
"1274","Pastoralists (Nigeria); Jukun Ethnic Militia (Nigeria)"
"1275","Foulse Ethnic Militia (Burkina Faso); Mossi Ethnic Militia (Burkina Faso)"
"1276","Military Forces of South Sudan (2011-) Tiger Division"
"1277","Northern Liech Communal Militia (South Sudan)"
"1278","Mossi Ethnic Group (Burkina Faso)"
"1279","Military Forces of Chad (1990-); Baga Sola Communal Militia (Chad)"
"1280","Farmers (Nigeria)"
"1281","Mujahedin Militia"
"1282","FPRC: Popular Front for the Renaissance of Central Africa; Muslim Militia (Central African Republic)"
"1283","Waw Battalion"
"1284","Sumood Brigade"
"1285","Somali Ethnic Group (Ethiopia)"
"1286","Government of Somalia (2017-)"
"1287","Nyandan Ethnic Militia (Nigeria)"
"1288","Private Security Forces (United States)"
"1289","Military Forces of the United States (2017-); Military Forces of Somalia (2017-) Jubaland Security Force"
"1290","Mayi Mayi Militia (Hapa na pale); Mayi Mayi Militia (Yakutumba)"
"1291","SPLM-In Opposition-Fertit Lions: Sudan People's Liberation Movement-In Opposition (Fertit Lions Faction)"
"1292","Military Forces of United Arab Emirates"
"1293","Military Forces of Somalia (2017-) Jubaland Security Force; AMISOM: African Union Mission in Somalia (2007-) (Kenya)"
"1294","Military Forces of Niger (2011-); Military Forces of Mali (2013-2020); MSA: Movement for Azawad Salvation; GATIA: Imghad Tuareg and Allies Self-Defense Group"
"1295","Military Forces of Somalia (2017-); Unidentified Armed Group (Somalia); Pastoralists (Somalia)"
"1296","GATIA: Imghad Tuareg and Allies Self-Defense Group; MSA: Movement for Azawad Salvation"
"1297","Dhiei Clan Dinka Ethnic Militia (South Sudan)"
"1298","Government of Libya (2016-) Government of National Accord; Government of Libya (2014-) General National Congress; 33rd Infantry Brigade"
"1299","Pastoralists (Ghana)"
"1300","Government of Libya (2016-) Government of National Accord"
"1301","Marial Bai Communal Militia (South Sudan)"
"1302","Farmers (Ghana)"
"1303","Pagok-Gok Sub Clan Militia (South Sudan); Kongor Gok-Sub Clan Militia (South Sudan); Dinka Ethnic Militia (South Sudan)"
"1304","Christian Group (Central African Republic)"
"1305","Pastoralists (Kenya)"
"1306","CMFPR1: Coordination of Patriotic Movements and Forces for Resistance (Plateforme)"
"1307","Dinka Ethnic Militia (South Sudan); Police Forces of South Sudan (2011-)"
"1308","Mathiang Anyoor; Militia (Pro-Government)"
"1309","JEM: Justice and Equality Movement; SPLM-N: Sudan People's Liberation Movement (North)"
"1310","Oromo Ethnic Group (Ethiopia)"
"1311","Zawiya Martyrs Brigade"
"1312","Nande Ethnic Group (Democratic Republic of Congo)"
"1313","Farmers (Ethiopia)"
"1314","Luba Ethnic Group (Democratic Republic of Congo)"
"1315","Fulani Ethnic Group (Nigeria)"
"1316","Government of Ethiopia (1995-2018)"
"1317","Government of Nigeria (2015-); Military Forces of Nigeria (2015-)"
"1318","Hawiye Clan Group (Somalia)"
"1319","Abgal-Hawiye Sub-Clan Militia (Somalia)"
"1320","Pastoralists (Central African Republic)"
"1321","Refugees/IDPs (South Sudan); Nuer Ethnic Group (South Sudan)"
"1322","Farmers (Ivory Coast)"
"1323","Refugees/IDPs (South Sudan)"
"1324","Nande Ethnic Militia (Democratic Republic of Congo)"
"1325","Military Forces of Sudan (1989-2019); Police Forces of Sudan (1989-2019)"
"1326","Sahawat Forces"
"1327","Imanja Communal Militia (Madagascar)"
"1328","Bul Nuer Ethnic Militia (South Sudan); Dinka Ethnic Militia (South Sudan)"
"1329","Government of Somalia (2012-2017)"
"1330","Shura Council of Islamic Youth"
"1331","Militia (Pro-Government); Tigers"
"1332","Pastoralists (Cameroon)"
"1333","UNMISS: United Nations Mission in the Republic of South Sudan (2011-); Police Forces of South Sudan (2011-)"
"1334","Bantu Ethnic Group (Democratic Republic of Congo)"
"1335","Abu Shouk Ethnic Militia (South Sudan); White Army (South Sudan); Police Forces of South Sudan (2011-)"
"1336","Military Forces of Sudan (1989-2019) Abu Tira; Military Forces of Sudan (1989-2019) Border Guards"
"1337","LDF: Local Defence Force"
"1338","Operation Sunrise"
"1339","CNDD-FDD-Imbonerakure: National Council for the Defence of Democracy (Imbonerakure Faction)"
"1340","Furjan Ethnic Militia (Libya)"
"1341","Damaturu Communal Militia (Nigeria)"
"1342","Farmers (Niger)"
"1343","Military Forces of Chad (1990-); Military Forces of Mauritania (2009-); Military Forces of Mali (2013-2020); Military Forces of Niger (2011-)"
"1344","ASWJ-Sufa: Ahlu Sunna Wal Jamaa (Sufa Faction)"
"1345","Government of the United States (2009-2017)"
"1346","Janzur Communal Militia (Libya)"
"1347","HCUA: High Council for the Unity of Azawad; MAA: Arab Movement of the Azawad; MUJAO: Movement for Unity and Jihad in West Africa"
"1348","Militia (Thomas Thiel)"
"1349","Fulani Ethnic Militia (Central African Republic); Muslim Militia (Central African Republic)"
"1350","Former Military Forces of the Central African Republic (2013-2014)"
"1351","Militia (Ahmed Godane)"
"1352","Militia (Bozize); Seleka Militia"
"1353","Militia (Sheikh Adan Madobe)"
"1354","'Al Shabaab' Militia"
"1355","SSDA-Cobra: South Sudan Democratic Army (Cobra Faction)"
"1356","Government of the Central African Republic (2003-2013)"
"1357","Warfallah Ethnic Militia (Libya)"
"1358","Dozo Communal Militia (Ivory Coast)"
"1359","Igbo Ethnic Group (Nigeria); Bajju Ethnic Group (Nigeria)"
"1360","Christian Group (Nigeria)"
"1361","Berom Ethnic Group (Nigeria)"
"1362","Muslim Group (Nigeria)"
"1363","CPC: Congress for Progressive Change; Muslim Group (Nigeria)"
"1364","Bajju Ethnic Group (Nigeria)"
"1365","NCP: National Congress Party"
"1366","Unidentified Armed Group (International)"
"1367","NDLF: Niger Delta Liberation Force"
"1368","Saharawi Ethnic Group (Morocco)"
"1369","Police Forces of the Central African Republic (2003-2013); MLCJ: Movement of Central African Liberators for Justice"
"1370","Alliance for Democratic Change"
"1371","Government of Sudan (1989-2019)"
"1372","Prisoners (Democratic Republic of Congo)"
"1373","Former ICU: Former Islamic Courts Union"
"1374","Maaliya Ethnic Group (Sudan)"
"1375","Muslim Militia (Somalia)"
"1376","JVA: Juba Valley Alliance"
"1377","CEMAC: Economic and Monetary Community of Central Africa"
"1378","Military Forces of the Republic of Congo (1997-) Gendarmerie"
"1379","Krahn Ethnic Militia (Ivory Coast)"
"1380","Al-Takfir wal Hijrah"
"1381","FESCI: Student Federation of Ivory Coast; GPP: Patriotic Group for Peace; UPLTCI: Union of Patriots for Total Liberty"
"1382","Local Defence Unit"
"1383","FROLINA: National Liberation Front"
"1384","MJP: Movement for Justice and Peace"
"1385","Pastoralists (Uganda)"
"1386","Mercenaries (Nigeria)"
"1387","Moran Ethnic Militia (Kenya)"
"1388","Kamajor Militia"
"1389","Labour Group (Niger)"
"1390","Military Forces of South Sudan (2011-); Macar-Kongor-Gok Sub-Clan Militia (South Sudan); Dinka Ethnic Militia (South Sudan)"
"1391","Amhara Ethnic Group (Ethiopia)"
"1392","Farmers (Chad)"
"1393","Prisoners (Ethiopia); Military Forces of Ethiopia (2018-)"
"1394","Police Forces of Ethiopia (2018-) Amhara Regional Special Forces"
"1395","Tuareg Ethnic Group (Burkina Faso)"
"1396","ALC: Congo Liberation Army"
"1397","Health Workers (Democratic Republic of Congo); Catholic Christian Group (Democratic Republic of Congo)"
"1398","Dandume Communal Militia (Nigeria)"
"1399","Christian Group (Democratic Republic of Congo); Pastoralists (Democratic Republic of Congo)"
"1400","RED-TABARA: Resistance to the Rule of Law in Burundi; CNRD: National Council for Renewal and Democracy"
"1401","Fulani Ethnic Group (Mali); Pastoralists (Mali)"
"1402","Fulani Ethnic Group (Nigeria); Pastoralists (Nigeria)"
"1403","Tuareg Ethnic Group (Burkina Faso); Fulani Ethnic Group (Burkina Faso); Pastoralists (Burkina Faso)"
"1404","Taxi Drivers (Somalia)"
"1405","Civilians (China)"
"1406","Farmers (Democratic Republic of Congo)"
"1407","Refugees/IDPs (Burkina Faso)"
"1408","Fulani Ethnic Group (Burkina Faso); Pastoralists (Burkina Faso)"
"1409","Labour Group (Democratic Republic of Congo); Health Workers (Democratic Republic of Congo)"
"1410","Hutu Ethnic Group (Democratic Republic of Congo)"
"1411","Bul Clan Group (South Sudan); Nuer Ethnic Group (South Sudan); Pastoralists (South Sudan)"
"1412","Refugees/IDPs (Mozambique)"
"1413","Fulani Ethnic Group (Burkina Faso); Gourmantche Ethnic Group (Burkina Faso); Mossi Ethnic Group (Burkina Faso)"
"1414","Mozogo Communal Militia (Cameroon)"
"1415","Refugees/IDPs (Cameroon)"
"1416","Military Forces of Nigeria (2015-); Prisoners (Nigeria)"
"1417","Bor Clan Group (South Sudan); Dinka Ethnic Group (South Sudan); Pastoralists (South Sudan); Christian Group (South Sudan)"
"1418","Police Forces of Sudan (2019-)"
"1419","Atok-Rek Sub-Clan Group (South Sudan); Dinka Ethnic Group (South Sudan); Pastoralists (South Sudan)"
"1420","Sara Ethnic Group (Central African Republic); Rounga Ethnic Group (Central African Republic)"
"1421","Farmers (Sudan); Refugees/IDPs (Sudan)"
"1422","Baggara Ethnic Militia (Sudan); Military Forces of Sudan (2019-) Rapid Support Forces"
"1423","Women (Democratic Republic of Congo); Pastoralists (Democratic Republic of Congo); Babembe Ethnic Group (Democratic Republic of Congo); Bafuliru Ethnic Group (Democratic Republic of Congo); Banyindu Ethnic Group (Democratic Republic of Congo)"
"1424","Hema Ethnic Group (Democratic Republic of Congo); Pastoralists (Democratic Republic of Congo)"
"1425","Murle Ethnic Group (South Sudan)"
"1426","CMC-FNLD: Collective Movement for Change-Front for National Liberation and Democracy; Mayi Mayi Militia (Kabido)"
"1427","Fulani Ethnic Group (Burkina Faso); Tuareg Ethnic Group (Burkina Faso); Pastoralists (Burkina Faso)"
"1428","Kuei-Agar Clan Militia (South Sudan); Pakam-Agar Clan Militia (South Sudan); Athoi-Gony-Agar Sub-Clan Militia (South Sudan); Pacuor-Agar Sub-Clan Militia (South Sudan); Aliamtoc-Dhiei-Agar Sub-Clan Militia (South Sudan); Dinka Ethnic Militia (South Sudan)"
"1429","Bor Clan Group (South Sudan); Dinka Ethnic Group (South Sudan); Pastoralists (South Sudan); Women (South Sudan)"
"1430","Refugees/IDPs (Sudan); Women (Sudan)"
"1431","Military Forces of the Ivory Coast (2011-) Gendarmerie"
"1432","Zowo Communal Group (Nigeria)"
"1433","Fulani Ethnic Group (Mali); Tuareg Ethnic Group (Mali); Pastoralists (Mali)"
"1434","Women (Democratic Republic of Congo); Hema Ethnic Group (Democratic Republic of Congo)"
"1435","Christian Group (Democratic Republic of Congo)"
"1436","Nuer Ethnic Militia (South Sudan); Pastoralists (South Sudan)"
"1437","Fulani Ethnic Group (Burkina Faso); Gourmantche Ethnic Group (Burkina Faso); Mossi Ethnic Group (Burkina Faso); Pastoralists (Burkina Faso); Labour Group (Burkina Faso)"
"1438","Civilians (International); Migrants (Bangladesh); Migrants (International)"
"1439","Dogon Ethnic Group (Mali)"
"1440","Dok Clan Group (South Sudan); Nuer Ethnic Group (South Sudan)"
"1441","Apuk-Rek Clan Ethnic Militia (South Sudan); Dinka Ethnic Group (South Sudan)"
"1442","Prisoners (Burkina Faso)"
"1443","Civilians (Sudan); Civilians (Libya); Miners (Chad); Miners (Sudan); Miners (Libya)"
"1444","Women (Democratic Republic of Congo); Batwa Ethnic Group (Democratic Republic of Congo)"
"1445","Fulani Ethnic Group (Burkina Faso); Pastoralists (Burkina Faso); Muslim Group (Burkina Faso); Prisoners (Burkina Faso)"
"1446","Pastoralists (Niger)"
"1447","Students (South Sudan)"
"1448","Misseriya Ethnic Group (Sudan); Pastoralists (Sudan)"
"1449","MINUSCA: United Nations Multidimensional Integrated Stabilization Mission in the Central African Republic (2014-); Ronga Ethnic Group (Central African Republic)"
"1450","Buni Gari Communal Militia"
"1451","Labour Group (Mozambique); Fishermen (Mozambique)"
"1452","Private Security Forces (Sudan); Private Security Forces (Chad)"
"1453","Fulani Ethnic Group (Burkina Faso); Pastoralists (Burkina Faso); Prisoners (Burkina Faso)"
"1454","Fulani Ethnic Group (Niger); Tuareg Ethnic Group (Niger); Dawsahak Ethnic Group (Niger); Pastoralists (Niger); Prisoners (Niger)"
"1455","Fulani Ethnic Group (Niger); Pastoralists (Niger); Prisoners (Niger)"
"1456","Police Forces of Nigeria (2015-); Military Forces of Nigeria (2015-) Security and Civil Defence Corps"
"1457","Military Forces of Libya (2016-) Government of National Accord; Military Forces of Turkey (2016-)"
"1458","Military Forces of Niger (2011-) Gendarmerie; Military Forces of France (2017-)"
"1459","Prisoners (Egypt)"
"1460","Police Forces of Nigeria (2015-); Militia (Pro-Government)"
"1461","Muslim Group (Burkina Faso)"
"1462","Omoro Ethnic Group (Ethiopia)"
"1463","Panyar-Gok Sub-Clan Militia (South Sudan); Dinka Ethnic Group (South Sudan)"
"1464","Fulani Ethnic Group (Burkina Faso); Muslim Group (Burkina Faso); Pastoralists (Burkina Faso)"
"1465","Military Forces of South Sudan (2011-); Police Forces of South Sudan (2011-)"
"1466","Dawsahak Ethnic Group (Mali)"
"1467","Christian Group (Burkina Faso); Muslim Group (Burkina Faso)"
"1468","Labour Group (Somalia)"
"1469","Tuareg Ethnic Group (Mali); Imghad Ethnic Group (Mali); Imouchag Ethnic Group (Mali)"
"1470","Prisoners (Mali); Fulani Ethnic Group (Mali); Pastoralists (Mali)"
"1471","Health Workers (Burkina Faso)"
"1472","Women (Democratic Republic of Congo)"
"1473","Women (Democratic Republic of Congo); Military Forces of the Democratic Republic of Congo (2019-)"
"1474","Mossi Ethnic Group (Burkina Faso); Foulse Ethnic Group (Burkina Faso)"
"1475","Aid Workers (Cameroon)"
"1476","Labour Group (Nigeria)"
"1477","FDLR-FOCA: Democratic Forces for the Liberation of Rwanda- Forces fighting Abacunguzi"
"1478","Ngok Clan Dinka Ethnic Group (Sudan)"
"1479","SLF: Sudan Liberation Forces; JEM: Justice and Equality Movement"
"1480","Students (Burkina Faso); Labour Group (Burkina Faso)"
"1481","APC: All Progressives Congress; Muslim Group (Nigeria)"
"1482","Masalit Ethnic Group (Sudan); Refugees/IDPs (Sudan)"
"1483","Civilians (Somalia); Students (Somalia); Labour Group (Turkey)"
"1484","Women (Burkina Faso); Refugees/IDPs (Burkina Faso)"
"1485","Fisherman (Cameroon)"
"1486","Fishermen (Chad)"
"1487","Christian Group (Kenya); Police Forces of Kenya (2013-); Teachers (Kenya); Health Workers (Kenya)"
"1488","Christian Group (Burkina Faso)"
"1489","Tabu Ethnic Group (Libya)"
"1490","Hir-Shabelle Sub-Clan Group (Somalia)"
"1491","Nyatura-FDLR Coalition: Nyatura -Democratic Forces for the Liberation of Rwanda"
"1492","IOM: International Organisation for Migration"
"1493","CNDD-FDD-Imbonerakure: National Council for the Defence of Democracy (Imbonerakure Faction); Police Forces of Burundi (2005-)"
"1494","Bab al-Tajoura Brigade"
"1495","Muslim Group (Burkina Faso); Songhai Ethnic Group (Burkina Faso)"
"1496","Labour Group (Burkina Faso)"
"1497","SPF: Sirte Protection Force"
"1498","Prisoners (Libya)"
"1499","Fulani Ethnic Group (Burkina Faso); Pastoralists (Burkina Faso); Refugees/IDPs (Burkina Faso)"
"1500","Misseriya Ethnic Group (Sudan); Civilians (South Sudan); Nuer Ethnic Group (South Sudan)"
"1501","Ghaniwa Brigade"
"1502","Gajaak-Eastern Jikany Sub-Clan Militia (South Sudan); Nuer Ethnic Group (South Sudan)"
"1503","Pastoralists (Cameroon); Mbororo Ethnic Group (Cameroon)"
"1504","Refugees/IDPs (International)"
"1505","Dogon Ethnic Group (Mali); Christian Group (Mali)"
"1506","Tiv Ethnic Group (Nigeria)"
"1507","Military Forces of South Sudan (2011-); Pastoralists (South Sudan)"
"1508","Fishermen (Democratic Republic of Congo)"
"1509","Gumuz Ethnic Group (Ethiopia)"
"1510","Pastoralists (Burkina Faso)"
"1511","Refugees/IDPs (South Sudan); Luo Ethnic Group (South Sudan)"
"1512","Women (Nigeria)"
"1513","Military Forces of Niger (2011-) Gendarmerie; Refugees/IDPs (Nigeria)"
"1514","Farmers (Somalia)"
"1515","Mayi Mayi Militia (Nyatura-Kavumbi); Mayi Mayi Militia (Nyatura); APCLS-M: Alliance of Patriots for a Free and Sovereign Congo (Mapenzi)"
"1516","Civilian JTF: Civilian Joint Task Force; Muslim Group (Nigeria)"
"1517","Fishermen (South Sudan)"
"1518","Police Forces of South Sudan (2011-) Prison Guards"
"1519","Mayi Mayi Militia (Kijangala)"
"1520","Lou Nuer Ethnic Group (South Sudan)"
"1521","Bul Nuer Ethnic Group (South Sudan)"
"1522","Kambata Ethnic Group (Ethiopia)"
"1523","Foulse Ethnic Group (Burkina Faso)"
"1524","Journalists (Somalia)"
"1525","Banunu Ethnic Group (Democratic Republic of Congo); Women (Democratic Republic of Congo); Men (Democratic Republic of Congo)"
"1526","Fulani Ethnic Group (Mali)"
"1527","Bedouin Ethnic Group (Egypt)"
"1528","Muslim Group (Central African Republic)"
"1529","Refugees/IDPs (Central African Republic); Christian Group (Central African Republic)"
"1530","Refugees/IDPs (Central African Republic)"
"1531","Borno Communal Militia (Nigeria)"
"1532","FACT: Front for Alteration and Harmony in Chad"
"1533","Tuareg Ethnic Group (Mali)"
"1534","Meskan Ethnic Militia (Ethiopia)"
"1535","Nawasi Brigade; Infantry Brigade 301; Bab al-Tajoura Brigade; Ghaniwa Brigade"
"1536","Banda Ethnic Group (Central African Republic); Labour Group (Central African Republic)"
"1537","Ibogholitane Ethnic Group (Mali); Tuareg Ethnic Group (Mali); GATIA: Imghad Tuareg and Allies Self-Defense Group; Military Forces of Mali (2013-2020)"
"1538","Fulani Ethnic Group (Nigeria); Hausa Ethnic Group (Nigeria)"
"1539","Kongor Communal Group (South Sudan); Lou Nuer Ethnic Group (South Sudan)"
"1540","Students (Niger); Teachers (Niger)"
"1541","Burji Ethnic Militia (Ethiopia)"
"1542","Fulani Ethnic Group (Niger)"
"1543","Refugees/IDPs (South Sudan); Students (South Sudan); Women (South Sudan)"
"1544","Government of Libya (2016-) Government of National Accord; HNEC: High National Election Commission"
"1545","Imghad Ethnic Group (Mali)"
"1546","GATIA: Imghad Tuareg and Allies Self-Defense Group; Military Forces of France (2017-)"
"1547","Idoma Ethnic Group (Nigeria)"
"1548","Katiba Salaheddine"
"1549","Salafist Muslim Group (Libya); Military Forces of Libya (2014-) Haftar Faction"
"1550","Refugees/IDPs (Somalia)"
"1551","Tripoli Revolutionaries Brigade; Abu Salim Brigade; Nawasi Brigade; Police Forces of Libya (2016-); Military Forces of Libya (2016-) Presidential Guard"
"1552","Bachama Ethnic Group (Nigeria)"
"1553","Coptic Christian Group (Egypt)"
"1554","Aid Workers (International)"
"1555","Police Forces of Ethiopia (1995-2018) Liyu Police; Military Forces of Ethiopia (1995-2018)"
"1556","Aid Workers (Central African Republic)"
"1557","Bor Clan Dinka Ethnic Militia (South Sudan); Aid Workers (South Sudan)"
"1558","Oromo Ethnic Group (Ethiopia); Somali Ethnic Group (Ethiopia)"
"1559","Sufi Group (Egypt)"
"1560","NASA: National Super Alliance"
"1561","Wershefana Communal Group (Libya)"
"1562","Women (South Sudan)"
"1563","Igbo Ethnic Group (Nigeria)"
"1564","Fulani Ethnic Group (Ghana); Pastoralists (Ghana)"
"1565","Refugees/IDPs (Nigeria)"
"1566","Police Forces of Mali (2013-2020) Gendarmerie; Private Security Forces (Mali)"
"1567","Catholic Christian Group (Nigeria)"
"1568","Abu Salim Brigade"
"1569","Police Forces of the Central African Republic (2016-)"
"1570","Women (Sudan)"
"1571","Rup Clan Dinka Ethnic Group (South Sudan)"
"1572","Bambara Ethnic Group (Mali)"
"1573","Christian Group (Democratic Republic of Congo); Women (Democratic Republic of Congo)"
"1574","SLM/A-Transitional Council: Sudan Liberation Movement/Army (Transitional Council Faction)"
"1575","Luba Ethnic Group (Democratic Republic of Congo); Lulua Ethnic Group (Democratic Republic of Congo)"
"1576","Luba Ethnic Group (Democratic Republic of Congo); Lulua Ethnic Group (Democratic Republic of Congo); Health Workers (Democratic Republic of Congo)"
"1577","Lele Clan Kuba Ethnic Group (Democratic Republic of Congo); Bindji Clan Luba Ethnic Group (Democratic Republic of Congo)"
"1578","Lou Nuer Ethnic Group (South Sudan); Fertit Ethnic Group (South Sudan); Aid Workers (South Sudan); WFP: World Food Programme"
"1579","Hamar Ethnic Group (Sudan)"
"1580","Migrants (International)"
"1581","Teachers (South Sudan); Students (South Sudan); Aid Workers (South Sudan); Christian Group (South Sudan)"
"1582","Refugees/IDPs (Nigeria); ICRC: International Committee of the Red Cross and Red Crescent; Aid Workers (Nigeria)"
"1583","Hawadle Clan Group (Somalia)"
"1584","Students (Somalia)"
"1585","Anuak Ethnic Group (Ethiopia)"
"1586","Aid Workers (International); UN: United Nations"
"1587","Christian Group (Kenya)"
"1588","Toposa Ethnic Group (South Sudan); Dinka Ethnic Group (South Sudan)"
"1589","Government of South Sudan (2011-)"
"1590","Prisoners (Ethiopia)"
"1591","Government of South Sudan (2011-); Private Security Forces (South Sudan)"
"1592","Dinka Ethnic Group (South Sudan); Kakwa Ethnic Group (South Sudan)"
"1593","Silte Ethnic Militia (Ethiopia)"
"1594","Bor Clan Dinka Ethnic Group (South Sudan)"
"1595","Konso Ethnic Group (Ethiopia)"
"1596","Farmers (South Sudan)"
"1597","Fertit Ethnic Group (South Sudan)"
"1598","Former Military Forces of Libya (1969-2011)"
"1599","Civilians (Chad); Civilians (Nigeria)"
"1600","Hawadle-Hawiye Sub-Clan Militia (Somalia)"
"1601","Brega Communal Militia (Libya)"
"1602","Ajilat Communal Militia (Libya)"
"1603","Refugees/IDPs (South Sudan); UNMISS: United Nations Mission in the Republic of South Sudan (2011-); MSF: Doctors Without Borders"
"1604","MSF: Doctors Without Borders; Women (South Sudan); Aid Workers (South Sudan)"
"1605","Rioters (Madagascar); Vigilante Group (Madagascar)"
"1606","USN: Union for National Salvation"
"1607","Shiite Muslim Group (Nigeria)"
"1608","ISIL: Islamic State of Iraq and Levant"
"1609","Anuak Ethnic Group (South Sudan)"
"1610","Hawazmah Ethnic Group (Sudan); Misseriya Ethnic Group (Sudan); Fur Ethnic Group (Sudan)"
"1611","Misseriya Ethnic Group (Sudan); Dinka Ngok Ethnic Group (Sudan)"
"1612","Civilians (Russia)"
"1613","Al-Falata Ethnic Group (Sudan)"
"1614","Nuer Ethnic Group (South Sudan); Aid Workers (South Sudan)"
"1615","Refugees/IDPs (Chad)"
"1616","Civilians (Mexico); Civilians (Egypt)"
"1617","MSF: Doctors Without Borders; Aid Workers (South Sudan)"
"1618","Mbororo Ethnic Group (Central African Republic)"
"1619","Firjan Ethnic Militia (Libya); Health Workers (Libya)"
"1620","ONLA: Ogaden National Liberation Army"
"1621","Students (Somalia); Teachers (Somalia); Muslim Group (Somalia)"
"1622","Teachers (Nigeria); Students (Nigeria)"
"1623","Rizaygat Ethnic Group (Sudan)"
"1624","Muslim Group (Sudan)"
"1625","Moru Ethnic Militia (South Sudan)"
"1626","Militia (Gabriel Tang); SPLM-In Opposition: Sudan People's Liberation Movement-In Opposition"
"1627","Dok Nuer Ethnic Militia (South Sudan)"
"1628","Pokot Ethnic Group (Kenya)"
"1629","Egbas Ethnic Group (Nigeria)"
"1630","Christian Group (Ethiopia)"
"1631","Prisoners (Sudan)"
"1632","Students (Kenya)"
"1633","WFP: World Food Programme"
"1634","Berti Ethnic Group (Sudan)"
"1635","Mundari Ethnic Group (South Sudan)"
"1636","Kuei Ethnic Militia (South Sudan); Dinka Nyang Ethnic Militia (South Sudan)"
"1637","Students (Central African Republic)"
"1638","Shuwa Ethnic Group (Nigeria)"
"1639","Ultras White Knights"
"1640","Military Forces of the Democratic Republic of Congo (2001-2019); MONUSCO: United Nations Organization Stabilization Mission in Democratic Republic of Congo (2010-); Police Forces of the Democratic Republic of Congo (2001-2019)"
"1641","Police Forces of Libya (2014-2016)"
"1642","Journalists (South Sudan)"
"1643","Kilba-Higgi Ethnic Group (Nigeria)"
"1644","Al-Sawaiq Battalion"
"1645","Koro Ethnic Group (Nigeria); Women (Nigeria)"
"1646","Muslim Group (Sudan); Teachers (Sudan)"
"1647","Teachers (Kenya)"
"1648","Students (Nigeria)"
"1649","Christian Group (South Sudan); Nuer Ethnic Group (South Sudan); Women (South Sudan)"
"1650","Government of Nigeria (1999-2015)"
"1651","Military Forces of South Sudan (2011-); Nuer Ethnic Group (South Sudan)"
"1652","Aid Workers (Somalia)"
"1653","Eggon Ethnic Group (Nigeria)"
"1654","Tigray Ethnic Militia (Ethiopia)"
"1655","Prisoners (Nigeria)"
"1656","Government of Cameroon (1982-); Police Forces of Cameroon (1982-)"
"1657","LROR: Libya Revolutionaries Operations Room"
"1658","Bakonzo Ethnic Group (Uganda)"
"1659","Basongora Ethnic Group (Uganda)"
"1660","Bani Hussein Ethnic Group (Sudan); Social Fabric Committee"
"1661","Ogaden Ethnic Group (Ethiopia)"
"1662","Bafuliru Ethnic Group (Democratic Republic of Congo)"
"1663","Nuer Ethnic Group (South Sudan)"
"1664","Degodia Ethnic Group (Kenya)"
"1665","Christian Group (Central African Republic); Refugees/IDPs (Central African Republic)"
"1666","Nuer Ethnic Group (South Sudan); Women (South Sudan)"
"1667","Journalists (France)"
"1668","MSF: Doctors Without Borders; Health Workers (Central African Republic)"
"1669","Gwandara Ethnic Group (Nigeria)"
"1670","Nuer Ethnic Group (South Sudan); Students (South Sudan)"
"1671","Jukun Ethnic Group (Nigeria)"
"1672","Nuer Ethnic Group (South Sudan); Civilians (International); Aid Workers (International); ICRC: International Committee of the Red Cross and Red Crescent; UNMISS: United Nations Mission in the Republic of South Sudan (2011-)"
"1673","Prisoners (Central African Republic)"
"1674","UNICEF: United Nations Childrens Fund"
"1675","Misseriya Ethnic Group (Sudan)"
"1676","Militia (Haj Ag Gamou)"
"1677","Tarok Ethnic Group (Nigeria)"
"1678","Tuareg Ethnic Group (Mali); Militia (Haj Ag Gamou)"
"1679","Dinka Ngok Ethnic Group (Sudan)"
"1680","Christian Group (South Sudan); Dinka Ethnic Group (South Sudan)"
"1681","Muslim Group (Chad)"
"1682","LMJ-Karbino: Liberation Movement for Justice (Karbino)"
"1683","Police Forces of Libya (2012-2014)"
"1684","Dinka Ethnic Group (South Sudan); Nuer Ethnic Group (South Sudan)"
"1685","Christian Group (South Sudan); Civilians (International); Aid Workers (International)"
"1686","Women (Central African Republic)"
"1687","Muslim Group (Chad); Students (Central African Republic)"
"1688","Muslim Group (Central African Republic); Civilians (Cameroon)"
"1689","Christian Group (Central African Republic); Health Workers (Central African Republic)"
"1690","Unidentified Armed Group (Palestine)"
"1691","APGA: All Progressives Grand Alliance Party"
"1692","Murle Ethnic Group (South Sudan); Military Forces of South Sudan (2011-)"
"1693","Christian Group (Nigeria); Students (Nigeria)"
"1694","Itsekiri Ethnic Group (Nigeria)"
"1695","Unidentified Ethnic Group (Nigeria)"
"1696","Students (Eritrea)"
"1697","Eastern Jikany Nuer Ethnic Group (South Sudan)"
"1698","ANDM: Amhara National Democratic Movement"
"1699","Murle Ethnic Group (South Sudan); Military Forces of South Sudan (2011-) Wildlife Protection Services; Police Forces of South Sudan (2011-)"
"1700","FOMUC: Multinational Force in the Central African Republic; Military Forces of France (2012-2017); Military Forces of South Africa (1994-)"
"1701","Government of Somalia (2012-2017); Journalists (Somalia)"
"1702","Misseriya Ethnic Group (South Sudan)"
"1703","Turkana Ethnic Group (Kenya)"
"1704","Pokomo Ethnic Group (Kenya)"
"1705","Orma Ethnic Group (Kenya)"
"1706","Protestant Christian Group (Nigeria)"
"1707","Suri Ethnic Group (Ethiopia)"
"1708","Guere Ethnic Group (Ivory Coast); Refugees/IDPs (Ivory Coast)"
"1709","Government of the Democratic Republic of Congo (2001-2019)"
"1710","Civilians (Mauritania)"
"1711","Military Forces of Egypt (2012-2013) Border Guards"
"1712","Birom Ethnic Group (Nigeria)"
"1713","Pere Ethnic Group (Nigeria)"
"1714","SSDA: South Sudan Democratic Army"
"1715","Journalists (Nigeria)"
"1716","Military Forces of Chad (1990-); Military Forces of Sudan (1989-2019)"
"1717","Lou Nuer Ethnic Group (South Sudan); Dinka Ethnic Group (South Sudan)"
"1718","Military Forces of South Sudan (2011-); UNMISS: United Nations Mission in the Republic of South Sudan (2011-)"
"1719","Tuareg Ethnic Militia (Niger)"
"1720","Students (Liberia)"
"1721","Murle Ethnic Group (Sudan)"
"1722","Nuba Ethnic Group (Sudan)"
"1723","Aid Workers (Sudan)"
"1724","UN: United Nations; Aid Workers (Ethiopia)"
"1725","Fulani Ethnic Group (Nigeria); Muslim Group (Nigeria)"
"1726","Anghan Ethnic Group (Nigeria)"
"1727","Health Workers (Libya)"
"1728","RDR: Rally of Republicans"
"1729","Shilluk Ethnic Group (Sudan)"
"1730","Mercenaries (International)"
"1731","Muslim Group (Ivory Coast); RDR: Rally of Republicans"
"1732","Military Forces of Algeria (1999-) Special Forces"
"1733","FNL: National Forces of Liberation; FRF: Federal Republican Forces"
"1734","Saad Clan Group (Somalia)"
"1735","Ouanda-Djalle Communal Militia (Central African Republic); UFDR: Union of Democratic Forces for Unity"
"1736","AU: African Union"
"1737","Women (Ethiopia)"
"1738","Jie Ethnic Group (Uganda)"
"1739","Women (Liberia)"
"1740","Government of Somalia (2004-2012); Students (Somalia); Journalists (Somalia)"
"1741","Munzaya Ethnic Group (Democratic Republic of Congo)"
"1742","Dinka Ethnic Group (Sudan)"
"1743","Awan Ethnic Group (Sudan)"
"1744","Lou Nuer Ethnic Group (Sudan)"
"1745","Government of Somalia (2004-2012)"
"1746","Women (Rwanda)"
"1747","Protestant Christian Group (Democratic Republic of Congo)"
"1748","Government of Somaliland (1993-2010); UN: United Nations"
"1749","Dodoth Ethnic Group (Uganda)"
"1750","Koulango Ethnic Group (Ivory Coast)"
"1751","Police Forces of Algeria (1999-); Students (Algeria)"
"1752","Toposa Ethnic Group (Sudan)"
"1753","MDC: Movement for Democratic Change"
"1754","Bokora Ethnic Group (Uganda)"
"1755","Students (Sudan)"
"1756","Sabaot Ethnic Group (Kenya)"
"1757","Kikuyu Ethnic Group (Kenya)"
"1758","Kikuyu Ethnic Group (Kenya); Refugees/IDPs (Kenya)"
"1759","Students (Algeria)"
"1760","Government of Algeria (1999-)"
"1761","Civilians (Belarus)"
"1762","JEM: Justice and Equality Movement; SLM/A: Sudan Liberation Movement/Army"
"1763","FDC: Forum for Democratic Change"
"1764","Militia (Hussein Aideed)"
"1765","Gabra Ethnic Group (Kenya)"
"1766","Dioula Ethnic Group (Ivory Coast)"
"1767","Guere Ethnic Group (Ivory Coast)"
"1768","Oromo Ethnic Group (Ethiopia); Students (Ethiopia)"
"1769","Women (Uganda)"
"1770","Garre Ethnic Group (Kenya)"
"1771","Bete Ethnic Group (Ivory Coast)"
"1772","Labour Group (Rwanda)"
"1773","Banyamulenge Ethnic Group (Democratic Republic of Congo)"
"1774","Borana Ethnic Group (Kenya)"
"1775","Muslim Group (Nigeria); Women (Nigeria)"
"1776","Islamist Militia (Nigeria)"
"1777","Civilians (Burkina Faso); Civilians (International)"
"1778","Women (Sudan); Students (Sudan); Teachers (Sudan)"
"1779","Fur Ethnic Group (Sudan)"
"1780","Matheniko Ethnic Group (Uganda)"
"1781","Students (Uganda)"
"1782","Students (Burundi)"
"1783","Fur Ethnic Group (Sudan); Zaghawa Ethnic Group (Sudan)"
"1784","Christian Group (Uganda)"
"1785","We Ethnic Group (Ivory Coast)"
"1786","Fur Ethnic Militia (Sudan)"
"1787","Ijaw Ethnic Group (Nigeria)"
"1788","Muslim Group (Ivory Coast)"
"1789","Health Workers (Uganda)"
"1790","Afar Ethnic Group (Ethiopia); Women (Ethiopia)"
"1791","Dioula Ethnic Group (Ivory Coast); Muslim Group (Ivory Coast)"
"1792","Women (Algeria)"
"1793","Aid Workers (Uganda)"
"1794","Turkana Ethnic Group (Sudan)"
"1795","Women (Kenya)"
"1796","Sidama Ethnic Group (Ethiopia); Protesters (Ethiopia)"
"1797","Matiep Militia; SPDF: Sudan Peoples Democratic Front; Unidentified Armed Group (Sudan)"
"1798","Farmers (Algeria)"
"1799","Militia (Matiep); Mujahideen Militia"
"1800","Teachers (Burundi)"
"1801","Women (Tanzania)"
"1802","Aid Workers (Guinea)"
"1803","Civilians (International); Health Workers (Sudan)"
